timestamp,x,y
1705929698716,nan,nan
1705929698731,nan,nan
1705929698749,nan,nan
1705929698761,nan,nan
1705929698775,nan,nan
1705929698790,nan,nan
1705929698805,nan,nan
1705929698823,nan,nan
1705929698841,nan,nan
1705929698853,nan,nan
1705929698874,nan,nan
1705929698886,nan,nan
1705929698907,nan,nan
1705929698925,nan,nan
1705929698940,nan,nan
1705929698951,nan,nan
1705929698969,nan,nan
1705929698984,nan,nan
1705929699001,nan,nan
1705929699018,nan,nan
1705929699033,nan,nan
1705929699048,nan,nan
1705929699069,nan,nan
1705929699081,nan,nan
1705929699099,nan,nan
1705929699114,nan,nan
1705929699135,nan,nan
1705929699144,nan,nan
1705929699165,nan,nan
1705929699182,nan,nan
1705929699196,nan,nan
1705929699211,nan,nan
1705929699232,nan,nan
1705929699243,nan,nan
1705929699264,nan,nan
1705929699282,nan,nan
1705929699296,nan,nan
1705929699308,nan,nan
1705929699335,nan,nan
1705929699344,nan,nan
1705929699359,nan,nan
1705929699377,nan,nan
1705929699392,nan,nan
1705929699407,nan,nan
1705929699433,nan,nan
1705929699442,nan,nan
1705929699453,nan,nan
1705929699471,nan,nan
1705929699486,nan,nan
1705929699504,nan,nan
1705929699519,nan,nan
1705929699537,nan,nan
1705929699551,nan,nan
1705929699569,nan,nan
1705929699584,nan,nan
1705929699602,nan,nan
1705929699617,nan,nan
1705929699634,nan,nan
1705929699652,nan,nan
1705929699666,nan,nan
1705929699684,nan,nan
1705929699698,nan,nan
1705929699713,nan,nan
1705929699734,nan,nan
1705929699748,0.49107526822120934,0.9279403773742397
1705929699766,0.4786383604557447,0.8973929160848639
1705929699778,0.44381815345101056,0.6270743735041571
1705929699797,0.4502018644378813,0.45280716863299775
1705929699815,0.4634948379304465,0.4529415057118296
1705929699827,0.4555162511257067,0.4593699355524465
1705929699848,0.46508016868825197,0.48321311769994996
1705929699865,0.46429863083666784,0.474184205334457
1705929699880,0.46224828667996914,0.46189930135790935
1705929699894,0.46175871337543933,0.4623942909886106
1705929699909,0.4248672730733193,0.47696030808214546
1705929699925,nan,nan
1705929699943,nan,nan
1705929699955,nan,nan
1705929699970,nan,nan
1705929699987,nan,nan
1705929700002,nan,nan
1705929700023,nan,nan
1705929700038,nan,nan
1705929700053,nan,nan
1705929700068,nan,nan
1705929700086,nan,nan
1705929700104,nan,nan
1705929700118,nan,nan
1705929700133,nan,nan
1705929700151,nan,nan
1705929700166,nan,nan
1705929700184,nan,nan
1705929700202,nan,nan
1705929700217,nan,nan
1705929700232,nan,nan
1705929700250,nan,nan
1705929700267,nan,nan
1705929700281,nan,nan
1705929700299,nan,nan
1705929700311,nan,nan
1705929700329,nan,nan
1705929700346,nan,nan
1705929700361,nan,nan
1705929700379,nan,nan
1705929700397,nan,nan
1705929700411,nan,nan
1705929700425,nan,nan
1705929700446,nan,nan
1705929700458,nan,nan
1705929700475,nan,nan
1705929700489,nan,nan
1705929700507,nan,nan
1705929700522,nan,nan
1705929700537,nan,nan
1705929700554,nan,nan
1705929700572,nan,nan
1705929700590,nan,nan
1705929700607,nan,nan
1705929700622,nan,nan
1705929700636,nan,nan
1705929700657,nan,nan
1705929700672,nan,nan
1705929700686,nan,nan
1705929700703,nan,nan
1705929700718,nan,nan
1705929700736,nan,nan
1705929700751,nan,nan
1705929700766,nan,nan
1705929700783,nan,nan
1705929700800,nan,nan
1705929700818,nan,nan
1705929700833,nan,nan
1705929700850,nan,nan
1705929700867,nan,nan
1705929700882,nan,nan
1705929700897,nan,nan
1705929700915,nan,nan
1705929700933,nan,nan
1705929700945,nan,nan
1705929700963,nan,nan
1705929700981,nan,nan
1705929700996,nan,nan
1705929701014,nan,nan
1705929701029,nan,nan
1705929701045,nan,nan
1705929701063,nan,nan
1705929701081,nan,nan
1705929701093,nan,nan
1705929701108,nan,nan
1705929701123,nan,nan
1705929701141,nan,nan
1705929701158,nan,nan
1705929701175,nan,nan
1705929701190,nan,nan
1705929701208,nan,nan
1705929701223,nan,nan
1705929701241,nan,nan
1705929701253,nan,nan
1705929701274,nan,nan
1705929701286,nan,nan
1705929701307,nan,nan
1705929701322,nan,nan
1705929701337,nan,nan
1705929701352,nan,nan
1705929701373,nan,nan
1705929701388,nan,nan
1705929701403,nan,nan
1705929701420,nan,nan
1705929701434,nan,nan
1705929701449,nan,nan
1705929701467,nan,nan
1705929701482,nan,nan
1705929701500,nan,nan
1705929701514,nan,nan
1705929701532,nan,nan
1705929701547,nan,nan
1705929701565,nan,nan
1705929701586,nan,nan
1705929701598,nan,nan
1705929701610,nan,nan
1705929701630,nan,nan
1705929701644,nan,nan
1705929701661,nan,nan
1705929701679,nan,nan
1705929701694,nan,nan
1705929701709,nan,nan
1705929701733,nan,nan
1705929701742,nan,nan
1705929701759,nan,nan
1705929701774,nan,nan
1705929701794,nan,nan
1705929701805,nan,nan
1705929701829,nan,nan
1705929701838,nan,nan
1705929701856,nan,nan
1705929701871,nan,nan
1705929701889,nan,nan
1705929701903,nan,nan
1705929701921,nan,nan
1705929701935,nan,nan
1705929701956,nan,nan
1705929701968,nan,nan
1705929701986,nan,nan
1705929702001,nan,nan
1705929702018,nan,nan
1705929702036,nan,nan
1705929702054,nan,nan
1705929702065,nan,nan
1705929702083,nan,nan
1705929702097,nan,nan
1705929702115,nan,nan
1705929702136,nan,nan
1705929702154,nan,nan
1705929702165,nan,nan
1705929702180,nan,nan
1705929702198,nan,nan
1705929702213,nan,nan
1705929702231,nan,nan
1705929702246,nan,nan
1705929702261,nan,nan
1705929702279,nan,nan
1705929702294,nan,nan
1705929702312,nan,nan
1705929702330,nan,nan
1705929702347,nan,nan
1705929702359,nan,nan
1705929702383,nan,nan
1705929702395,nan,nan
1705929702410,nan,nan
1705929702433,0.41324696340628614,0.6342138132841207
1705929702442,0.411636871693671,0.6135684764069711
1705929702460,0.41030623623754287,0.6015211013611574
1705929702472,0.4077201340413053,0.5994993284215305
1705929702489,0.40842952141215777,0.586016689252259
1705929702504,0.4121751083593433,0.5897237033627062
1705929702521,0.4149495453232659,0.5508598133026269
1705929702538,0.4277916821194638,0.5598055754781266
1705929702553,0.4310034151674873,0.5539909353988145
1705929702568,0.43965860800729856,0.5899985986534356
1705929702589,0.44277819638688704,0.6328971679284177
1705929702604,0.444341734782653,0.6473395201271994
1705929702622,0.4451755373898283,0.6551796044660357
1705929702634,0.4459254034031827,0.6451742406415779
1705929702652,0.44778054893558195,0.6603255570906285
1705929702666,0.44559481236000326,0.6464326463841337
1705929702683,0.44276176570014564,0.6143864314319122
1705929702701,0.4419466742817992,0.6176960467755614
1705929702716,0.3004080053036439,0.2663501853317586
1705929702731,0.2922982700136534,0.3714980058816424
1705929702746,nan,nan
1705929702763,nan,nan
1705929702778,nan,nan
1705929702796,nan,nan
1705929702811,nan,nan
1705929702829,nan,nan
1705929702844,nan,nan
1705929702859,nan,nan
1705929702874,nan,nan
1705929702898,0.7293241312341775,0.38365971370334423
1705929702907,nan,nan
1705929702929,0.6769355718732136,0.29302496028853503
1705929702938,nan,nan
1705929702959,0.7135396575145259,0.26033452700261434
1705929702971,nan,nan
1705929702992,0.5378253768936735,0.6362583773671772
1705929703004,nan,nan
1705929703022,nan,nan
1705929703037,nan,nan
1705929703058,0.3096686754293132,0.9000336455298064
1705929703070,nan,nan
1705929703088,0.31523212958976154,0.8528450349690185
1705929703103,nan,nan
1705929703118,nan,nan
1705929703136,nan,nan
1705929703156,nan,nan
1705929703170,nan,nan
1705929703185,nan,nan
1705929703200,nan,nan
1705929703221,0.3931654947212853,0.6271588367756032
1705929703232,nan,nan
1705929703250,0.3884882045448921,0.6465986407977389
1705929703264,nan,nan
1705929703282,nan,nan
1705929703299,nan,nan
1705929703316,0.34855598208583355,0.7192085034121642
1705929703331,nan,nan
1705929703349,0.6662865126487082,0.04259185092296062
1705929703367,nan,nan
1705929703379,nan,nan
1705929703397,nan,nan
1705929703418,0.6569362565571291,0.2017449308472937
1705929703427,nan,nan
1705929703445,nan,nan
1705929703465,0.34054529989737714,0.7634559486074889
1705929703479,nan,nan
1705929703494,nan,nan
1705929703512,nan,nan
1705929703529,nan,nan
1705929703541,nan,nan
1705929703556,nan,nan
1705929703573,nan,nan
1705929703591,nan,nan
1705929703608,nan,nan
1705929703626,nan,nan
1705929703638,nan,nan
1705929703656,nan,nan
1705929703677,nan,nan
1705929703688,nan,nan
1705929703703,nan,nan
1705929703720,nan,nan
1705929703738,nan,nan
1705929703753,nan,nan
1705929703771,nan,nan
1705929703786,nan,nan
1705929703801,0.5973203119497776,0.4500989426039855
1705929703821,0.4144691313513595,0.89749934355886
1705929703836,nan,nan
1705929703851,0.4630672502696937,0.8713867138081226
1705929703866,nan,nan
1705929703884,nan,nan
1705929703899,nan,nan
1705929703913,nan,nan
1705929703937,nan,nan
1705929703946,nan,nan
1705929703964,nan,nan
1705929703982,nan,nan
1705929703997,nan,nan
1705929704011,nan,nan
1705929704032,nan,nan
1705929704044,nan,nan
1705929704062,nan,nan
1705929704077,nan,nan
1705929704092,nan,nan
1705929704110,nan,nan
1705929704128,nan,nan
1705929704143,nan,nan
1705929704158,nan,nan
1705929704172,nan,nan
1705929704190,nan,nan
1705929704205,nan,nan
1705929704222,nan,nan
1705929704240,nan,nan
1705929704255,nan,nan
1705929704270,nan,nan
1705929704287,nan,nan
1705929704305,nan,nan
1705929704319,nan,nan
1705929704334,nan,nan
1705929704351,nan,nan
1705929704369,nan,nan
1705929704384,nan,nan
1705929704401,nan,nan
1705929704416,nan,nan
1705929704433,nan,nan
1705929704448,nan,nan
1705929704466,nan,nan
1705929704481,nan,nan
1705929704499,nan,nan
1705929704516,nan,nan
1705929704534,nan,nan
1705929704549,nan,nan
1705929704564,nan,nan
1705929704578,nan,nan
1705929704596,nan,nan
1705929704611,nan,nan
1705929704629,nan,nan
1705929704647,nan,nan
1705929704659,nan,nan
1705929704674,nan,nan
1705929704692,nan,nan
1705929704709,nan,nan
1705929704724,nan,nan
1705929704742,nan,nan
1705929704757,nan,nan
1705929704775,nan,nan
1705929704791,nan,nan
1705929704805,nan,nan
1705929704823,nan,nan
1705929704838,nan,nan
1705929704856,nan,nan
1705929704873,nan,nan
1705929704890,nan,nan
1705929704905,nan,nan
1705929704923,nan,nan
1705929704937,nan,nan
1705929704952,nan,nan
1705929704970,nan,nan
1705929704988,nan,nan
1705929705008,nan,nan
1705929705017,nan,nan
1705929705038,nan,nan
1705929705053,nan,nan
1705929705067,nan,nan
1705929705084,nan,nan
1705929705102,nan,nan
1705929705114,nan,nan
1705929705135,nan,nan
1705929705152,nan,nan
1705929705167,nan,nan
1705929705181,nan,nan
1705929705199,nan,nan
1705929705214,nan,nan
1705929705232,nan,nan
1705929705247,nan,nan
1705929705262,nan,nan
1705929705279,nan,nan
1705929705300,nan,nan
1705929705312,nan,nan
1705929705330,nan,nan
1705929705345,nan,nan
1705929705360,nan,nan
1705929705377,nan,nan
1705929705392,nan,nan
1705929705407,nan,nan
1705929705425,nan,nan
1705929705440,nan,nan
1705929705461,nan,nan
1705929705473,nan,nan
1705929705491,nan,nan
1705929705506,nan,nan
1705929705524,nan,nan
1705929705539,nan,nan
1705929705557,nan,nan
1705929705568,nan,nan
1705929705588,nan,nan
1705929705602,nan,nan
1705929705620,nan,nan
1705929705635,nan,nan
1705929705653,nan,nan
1705929705671,nan,nan
1705929705686,nan,nan
1705929705701,nan,nan
1705929705718,nan,nan
1705929705733,nan,nan
1705929705750,nan,nan
1705929705768,nan,nan
1705929705783,nan,nan
1705929705798,nan,nan
1705929705816,nan,nan
1705929705834,nan,nan
1705929705846,nan,nan
1705929705864,nan,nan
1705929705879,nan,nan
1705929705894,nan,nan
1705929705914,nan,nan
1705929705929,nan,nan
1705929705946,nan,nan
1705929705961,nan,nan
1705929705982,0.4498105582950558,0.6884704614893552
1705929705994,0.4455463683224687,0.7130765315737047
1705929706009,0.44498810627629565,0.7320745264740657
1705929706029,0.4330565316379305,0.7247152150449662
1705929706041,0.46516248716630054,0.7121671607966332
1705929706059,0.465350678517204,0.7059713339065119
1705929706077,0.46537975210659965,0.7022138869533355
1705929706089,0.4661955057393701,0.6998887236903605
1705929706106,0.4654927986454355,0.6904146642989609
1705929706127,0.4657264864268398,0.6911421128353484
1705929706138,0.4652300102814417,0.6922246414102757
1705929706156,0.4669318188074179,0.6696863200598842
1705929706171,0.4705296729102362,0.6651796994436816
1705929706189,0.4732409702379316,0.6393414327559498
1705929706204,0.47881497488102304,0.6312091443012423
1705929706222,0.4788476027017519,0.6258430266658634
1705929706237,0.48393125317800295,0.630211332313204
1705929706252,0.4829212361124034,0.6251624062558986
1705929706270,0.4796133092143812,0.6267307325979491
1705929706285,0.47961468235481053,0.6274728481139816
1705929706303,0.48003550933126127,0.6260600592901604
1705929706318,0.48052198581126165,0.6196841131647575
1705929706336,0.48005047507032694,0.6030920128759997
1705929706348,0.4804132554841543,0.6016648799417137
1705929706366,0.47946140158490896,0.5939854448948141
1705929706384,0.47499047616894413,0.5993974600375136
1705929706402,0.4793759137656395,0.5817221201819776
1705929706417,0.4787267385214874,0.6057737860326547
1705929706432,0.47675383792141196,0.6053076052353045
1705929706447,0.4745441771847821,0.5925342556528013
1705929706465,0.47646269496346044,0.5982661537146605
1705929706483,0.4755500606843467,0.5971104764677474
1705929706495,0.4709790209543173,0.5815473236983049
1705929706512,0.4711148427789287,0.5877080206882082
1705929706527,0.4696809436660628,0.5737105334849437
1705929706545,0.4708749445965727,0.5894076505854332
1705929706559,0.4745591717546269,0.6000788732215543
1705929706577,0.4739562929954036,0.5974804827369624
1705929706595,0.4728962315679673,0.59539473251794
1705929706607,0.47213817411098136,0.5898017754728143
1705929706627,0.480349737465975,0.6076915937349561
1705929706642,0.4833334422621252,0.6060692484503568
1705929706660,0.48015271324877923,0.6112967150319648
1705929706675,0.4802550541071094,0.609587319696279
1705929706693,0.4782130533000471,0.6069266553610219
1705929706708,0.47655002085089226,0.6017109533801369
1705929706723,0.47715388537518666,0.6021744908528732
1705929706741,0.47706551429423716,0.5944047238012546
1705929706756,0.47899189537685266,0.5906003594052818
1705929706771,0.46508812241051006,0.5617382505907046
1705929706789,0.47681353127741516,0.5769412107512816
1705929706806,0.4786820069829926,0.5859643361327492
1705929706821,0.44818818774448693,0.5879659189656367
1705929706839,0.448309170626948,0.5823629360777554
1705929706853,0.45490733703874864,0.6088363766084509
1705929706868,0.4564170276030585,0.6047921288211904
1705929706887,0.45748750023156814,0.6172836472040645
1705929706902,0.4577330986848464,0.6166846643289026
1705929706920,0.4881797953920825,0.6118895095863408
1705929706935,0.49071911647782723,0.6150498389568565
1705929706949,0.37150309314049573,0.5422563183456658
1705929706963,nan,nan
1705929706981,nan,nan
1705929706996,nan,nan
1705929707014,nan,nan
1705929707032,nan,nan
1705929707047,nan,nan
1705929707065,nan,nan
1705929707077,nan,nan
1705929707092,nan,nan
1705929707110,nan,nan
1705929707127,nan,nan
1705929707142,nan,nan
1705929707157,nan,nan
1705929707175,nan,nan
1705929707190,nan,nan
1705929707208,nan,nan
1705929707223,nan,nan
1705929707238,nan,nan
1705929707255,nan,nan
1705929707275,nan,nan
1705929707289,nan,nan
1705929707303,nan,nan
1705929707324,nan,nan
1705929707336,nan,nan
1705929707353,nan,nan
1705929707374,nan,nan
1705929707386,nan,nan
1705929707401,nan,nan
1705929707418,nan,nan
1705929707435,nan,nan
1705929707456,nan,nan
1705929707467,nan,nan
1705929707485,nan,nan
1705929707503,nan,nan
1705929707517,nan,nan
1705929707535,nan,nan
1705929707547,nan,nan
1705929707565,nan,nan
1705929707580,nan,nan
1705929707597,nan,nan
1705929707615,nan,nan
1705929707629,nan,nan
1705929707647,nan,nan
1705929707662,nan,nan
1705929707680,nan,nan
1705929707692,nan,nan
1705929707708,nan,nan
1705929707725,nan,nan
1705929707743,nan,nan
1705929707758,nan,nan
1705929707776,nan,nan
1705929707791,nan,nan
1705929707809,nan,nan
1705929707827,nan,nan
1705929707839,nan,nan
1705929707857,nan,nan
1705929707872,nan,nan
1705929707889,nan,nan
1705929707907,nan,nan
1705929707922,nan,nan
1705929707939,nan,nan
1705929707954,nan,nan
1705929707977,nan,nan
1705929707989,nan,nan
1705929708003,nan,nan
1705929708021,nan,nan
1705929708036,nan,nan
1705929708053,nan,nan
1705929708071,nan,nan
1705929708086,nan,nan
1705929708101,nan,nan
1705929708119,nan,nan
1705929708136,nan,nan
1705929708151,nan,nan
1705929708166,nan,nan
1705929708183,nan,nan
1705929708197,nan,nan
1705929708218,nan,nan
1705929708230,nan,nan
1705929708248,nan,nan
1705929708266,nan,nan
1705929708281,nan,nan
1705929708302,nan,nan
1705929708314,nan,nan
1705929708329,nan,nan
1705929708344,nan,nan
1705929708361,nan,nan
1705929708382,nan,nan
1705929708393,nan,nan
1705929708410,nan,nan
1705929708427,nan,nan
1705929708444,nan,nan
1705929708456,nan,nan
1705929708474,nan,nan
1705929708489,nan,nan
1705929708507,nan,nan
1705929708525,nan,nan
1705929708540,nan,nan
1705929708555,nan,nan
1705929708575,nan,nan
1705929708587,nan,nan
1705929708608,nan,nan
1705929708620,nan,nan
1705929708638,nan,nan
1705929708653,nan,nan
1705929708674,nan,nan
1705929708688,nan,nan
1705929708703,nan,nan
1705929708718,nan,nan
1705929708736,nan,nan
1705929708751,nan,nan
1705929708771,nan,nan
1705929708783,nan,nan
1705929708798,nan,nan
1705929708813,nan,nan
1705929708835,nan,nan
1705929708847,nan,nan
1705929708865,nan,nan
1705929708880,nan,nan
1705929708898,nan,nan
1705929708916,nan,nan
1705929708931,nan,nan
1705929708943,nan,nan
1705929708960,nan,nan
1705929708977,nan,nan
1705929708995,nan,nan
1705929709010,nan,nan
1705929709027,nan,nan
1705929709042,nan,nan
1705929709063,nan,nan
1705929709075,nan,nan
1705929709093,nan,nan
1705929709108,nan,nan
1705929709126,nan,nan
1705929709140,nan,nan
1705929709157,nan,nan
1705929709175,nan,nan
1705929709193,nan,nan
1705929709205,nan,nan
1705929709223,nan,nan
1705929709238,nan,nan
1705929709252,nan,nan
1705929709273,nan,nan
1705929709288,nan,nan
1705929709303,nan,nan
1705929709320,nan,nan
1705929709335,nan,nan
1705929709353,nan,nan
1705929709367,nan,nan
1705929709384,nan,nan
1705929709398,nan,nan
1705929709415,nan,nan
1705929709433,nan,nan
1705929709451,nan,nan
1705929709466,nan,nan
1705929709481,nan,nan
1705929709499,nan,nan
1705929709514,nan,nan
1705929709531,nan,nan
1705929709546,nan,nan
1705929709560,nan,nan
1705929709578,0.37841635215107267,0.5670546953571797
1705929709595,0.43732257636455113,0.22914018762899047
1705929709609,0.4272845390423525,0.2607424639314494
1705929709627,0.44730527045482166,0.3337543482988223
1705929709645,0.44580480329263183,0.32531662086126273
1705929709659,0.45278877000092616,0.3925293740490677
1705929709677,nan,nan
1705929709692,0.464369626984827,0.42746050128608776
1705929709707,nan,nan
1705929709725,0.46269241570945807,0.4247010350386881
1705929709743,nan,nan
1705929709760,0.47134717245789287,0.45124128041089034
1705929709777,0.45731727168358494,0.5088966489556472
1705929709791,0.45758836149293974,0.5169145023872634
1705929709806,0.463090896119371,0.5363800052956393
1705929709823,0.4630456105179985,0.5385657165924642
1705929709847,0.4654426661367448,0.5487660797428847
1705929709856,0.4656360339940388,0.5423779644744473
1705929709871,0.4648408081620251,0.5357283788602074
1705929709885,0.46421670206976656,0.5380948328284538
1705929709904,0.4661593437229492,0.542038714101117
1705929709921,0.4668231515142509,0.5334374608529772
1705929709936,0.46491759670060545,0.5227577003306745
1705929709953,0.4630550849139321,0.4978467413172974
1705929709971,0.46205569668687185,0.48588878441544575
1705929709983,0.4544606272257845,0.5094041157334317
1705929710003,0.46108371131821757,0.4852257298528724
1705929710015,0.4469454310742154,0.4641307616655209
1705929710033,0.4567854806862883,0.505131445721718
1705929710048,0.45664282056867106,0.49121247452055566
1705929710067,0.45510102768725097,0.48673203771232854
1705929710082,0.4560078855907735,0.49341277422855706
1705929710100,0.4588253588560819,0.500547998550312
1705929710115,0.45759340232375234,0.49430767861580954
1705929710130,0.4595767046799739,0.49359838486559254
1705929710150,0.45891097099496636,0.5020502363397634
1705929710162,0.4588261767059613,0.5006762535766055
1705929710177,0.459192458346622,0.5003639330548864
1705929710195,0.4638328491091574,0.5122927127446055
1705929710212,0.4644184918951408,0.5004681556738243
1705929710229,0.4621745986116568,0.4917410423316056
1705929710247,0.4629999178687464,0.49368955722881236
1705929710262,0.45779907576709755,0.48680907796238554
1705929710276,0.45627308022164703,0.4912830554164258
1705929710291,0.4565129778842852,0.48365491177516967
1705929710309,0.45531271555052105,0.48047249882499415
1705929710324,0.4577218405452279,0.47281449475628
1705929710341,0.4593535506834645,0.4646104365685233
1705929710356,0.46144865985235306,0.4646095892681124
1705929710376,0.46279443543451526,0.4729013431062564
1705929710391,0.4601996566852773,0.47062177676336087
1705929710406,0.4601886961248922,0.4822557962789357
1705929710423,0.46000162123778976,0.4800763183196589
1705929710438,0.4594818915707976,0.47575100738019604
1705929710456,0.4615078278199845,0.4786219592379101
1705929710474,0.4627707542449591,0.47844788845670444
1705929710486,0.4623450837759304,0.48449043642863804
1705929710506,0.4671510371871374,0.49678809309262273
1705929710521,0.4692508883564365,0.5265572264849686
1705929710538,0.439615066625996,0.5100349505828106
1705929710553,0.43999526409583467,0.5211198230690129
1705929710570,0.44056003574389213,0.5327198044264201
1705929710585,0.43867065265599114,0.5209605843347473
1705929710602,nan,nan
1705929710616,nan,nan
1705929710631,nan,nan
1705929710645,nan,nan
1705929710662,nan,nan
1705929710679,nan,nan
1705929710696,nan,nan
1705929710711,nan,nan
1705929710726,nan,nan
1705929710744,nan,nan
1705929710767,nan,nan
1705929710775,nan,nan
1705929710792,nan,nan
1705929710807,nan,nan
1705929710827,nan,nan
1705929710841,nan,nan
1705929710859,nan,nan
1705929710874,nan,nan
1705929710892,nan,nan
1705929710909,nan,nan
1705929710924,nan,nan
1705929710939,nan,nan
1705929710956,nan,nan
1705929710974,nan,nan
1705929710991,nan,nan
1705929711003,nan,nan
1705929711022,nan,nan
1705929711037,nan,nan
1705929711055,0.46166143337841065,0.8397021336207259
1705929711076,0.6867653558114233,0.150908632572228
1705929711087,0.41268925267742795,0.6812567713266736
1705929711102,nan,nan
1705929711119,nan,nan
1705929711136,nan,nan
1705929711151,nan,nan
1705929711169,nan,nan
1705929711183,nan,nan
1705929711198,nan,nan
1705929711222,nan,nan
1705929711231,nan,nan
1705929711248,nan,nan
1705929711263,nan,nan
1705929711281,nan,nan
1705929711299,nan,nan
1705929711314,nan,nan
1705929711329,nan,nan
1705929711347,nan,nan
1705929711368,nan,nan
1705929711377,nan,nan
1705929711394,0.6903426558438271,0.3924889495708948
1705929711409,nan,nan
1705929711430,nan,nan
1705929711445,nan,nan
1705929711460,nan,nan
1705929711477,nan,nan
1705929711492,nan,nan
1705929711508,nan,nan
1705929711525,nan,nan
1705929711540,nan,nan
1705929711557,nan,nan
1705929711571,nan,nan
1705929711591,nan,nan
1705929711605,nan,nan
1705929711622,nan,nan
1705929711640,0.3403371787758393,0.763379936394568
1705929711655,0.3403993465303719,0.7633392713512036
1705929711673,nan,nan
1705929711691,0.5415753311980844,0.8161109798668497
1705929711703,nan,nan
1705929711723,0.6852976273496966,0.844394321139982
1705929711740,0.2552428252332096,0.26533651561721516
1705929711752,nan,nan
1705929711770,nan,nan
1705929711784,nan,nan
1705929711799,nan,nan
1705929711814,nan,nan
1705929711838,nan,nan
1705929711847,nan,nan
1705929711864,nan,nan
1705929711881,nan,nan
1705929711898,nan,nan
1705929711913,nan,nan
1705929711931,nan,nan
1705929711946,0.4608191591026119,0.6679254426529527
1705929711963,0.2715037309117962,0.2596880259970516
1705929711980,0.3256365152011058,0.3395510835895676
1705929711997,0.26776872662361606,0.24492889350885064
1705929712012,0.2578205074315827,0.35325338896394726
1705929712030,0.34029452634340207,0.763316024792196
1705929712042,nan,nan
1705929712059,nan,nan
1705929712082,nan,nan
1705929712091,nan,nan
1705929712108,nan,nan
1705929712126,nan,nan
1705929712141,nan,nan
1705929712156,nan,nan
1705929712173,0.3401942718839783,0.7633148493752309
1705929712187,nan,nan
1705929712205,nan,nan
1705929712220,nan,nan
1705929712240,nan,nan
1705929712254,nan,nan
1705929712274,nan,nan
1705929712288,nan,nan
1705929712306,nan,nan
1705929712321,nan,nan
1705929712335,nan,nan
1705929712349,nan,nan
1705929712367,nan,nan
1705929712385,nan,nan
1705929712400,nan,nan
1705929712417,nan,nan
1705929712432,nan,nan
1705929712447,nan,nan
1705929712465,nan,nan
1705929712480,nan,nan
1705929712495,nan,nan
1705929712513,nan,nan
1705929712530,nan,nan
1705929712546,nan,nan
1705929712561,nan,nan
1705929712576,nan,nan
1705929712594,nan,nan
1705929712612,nan,nan
1705929712624,nan,nan
1705929712642,nan,nan
1705929712657,nan,nan
1705929712675,nan,nan
1705929712693,nan,nan
1705929712708,nan,nan
1705929712723,nan,nan
1705929712741,nan,nan
1705929712756,nan,nan
1705929712771,nan,nan
1705929712792,0.7369975441327052,0.6498549590653849
1705929712806,0.4029567187740876,0.5641586607436161
1705929712824,0.41234287647817003,0.5798414660908011
1705929712842,0.38106502758061983,0.5091443324319087
1705929712856,0.39681662908671606,0.5567628652155571
1705929712874,0.4012643443190003,0.5962328750899982
1705929712892,0.4052157117227189,0.6064862269336524
1705929712909,0.4103620295760316,0.642527949233451
1705929712924,0.42065077864208583,0.6698238549803142
1705929712942,0.4223629624780165,0.688218750142794
1705929712954,0.4233322505926818,0.7064474582413014
1705929712972,0.42709282501958007,0.7213930731251179
1705929712986,0.4301450480916426,0.7430122360426367
1705929713003,0.43170452017849775,0.7428099269465611
1705929713018,0.4334723542474698,0.7466362792710853
1705929713039,0.433640591331695,0.7508546314916232
1705929713051,0.43728250376546846,0.7583702576138208
1705929713066,0.43924120219601914,0.7681510843365841
1705929713087,0.4474701142320752,0.7820684075672414
1705929713099,0.447023383598689,0.7822594451090343
1705929713114,0.4475779687384856,0.7890592705522849
1705929713132,0.4464750110176652,0.7865160667195522
1705929713149,0.4356508673522645,0.770906011285615
1705929713173,0.4542820042499723,0.7736485366937976
1705929713182,0.429874327569318,0.7967298791422227
1705929713197,0.4522431539672762,0.7858985067909762
1705929713215,0.44193641456574567,0.8208403737073522
1705929713230,0.4430685929770279,0.791302912890079
1705929713245,0.4268462165862343,0.798288976123771
1705929713262,0.4615952863375057,0.7978601380089425
1705929713277,0.4448566557808302,0.8108411928509138
1705929713295,0.46247358025191465,0.798832133095381
1705929713312,0.4486565549097216,0.7911742562609708
1705929713327,0.4776396653170673,0.8001053357641846
1705929713342,0.4481904620524249,0.8121249657538986
1705929713360,0.4592561526829419,0.79720680921233
1705929713375,0.44679113752246996,0.81793955582279
1705929713393,0.45237468516618257,0.8011376740380204
1705929713408,0.4521505147803479,0.8047455641793079
1705929713426,0.45300291039348695,0.8073649158046199
1705929713441,0.45339698385548727,0.8045382887255886
1705929713456,nan,nan
1705929713471,nan,nan
1705929713485,nan,nan
1705929713503,nan,nan
1705929713521,nan,nan
1705929713536,nan,nan
1705929713551,nan,nan
1705929713569,nan,nan
1705929713584,nan,nan
1705929713602,nan,nan
1705929713617,nan,nan
1705929713634,nan,nan
1705929713649,nan,nan
1705929713664,nan,nan
1705929713682,nan,nan
1705929713697,nan,nan
1705929713716,nan,nan
1705929713728,nan,nan
1705929713746,nan,nan
1705929713761,nan,nan
1705929713781,nan,nan
1705929713797,nan,nan
1705929713812,nan,nan
1705929713829,nan,nan
1705929713844,nan,nan
1705929713861,nan,nan
1705929713876,nan,nan
1705929713893,nan,nan
1705929713909,nan,nan
1705929713927,nan,nan
1705929713939,nan,nan
1705929713957,nan,nan
1705929713972,nan,nan
1705929713993,nan,nan
1705929714008,nan,nan
1705929714026,nan,nan
1705929714038,nan,nan
1705929714055,nan,nan
1705929714073,nan,nan
1705929714088,nan,nan
1705929714105,nan,nan
1705929714120,nan,nan
1705929714138,nan,nan
1705929714153,nan,nan
1705929714177,nan,nan
1705929714183,nan,nan
1705929714201,nan,nan
1705929714216,nan,nan
1705929714233,nan,nan
1705929714248,nan,nan
1705929714266,nan,nan
1705929714283,nan,nan
1705929714295,nan,nan
1705929714316,nan,nan
1705929714331,nan,nan
1705929714349,nan,nan
1705929714361,nan,nan
1705929714379,nan,nan
1705929714394,nan,nan
1705929714412,nan,nan
1705929714427,nan,nan
1705929714445,nan,nan
1705929714463,nan,nan
1705929714480,nan,nan
1705929714495,nan,nan
1705929714510,nan,nan
1705929714528,nan,nan
1705929714546,nan,nan
1705929714560,nan,nan
1705929714578,nan,nan
1705929714593,nan,nan
1705929714609,nan,nan
1705929714630,0.2836435011495893,0.47691413107990416
1705929714644,0.2900520702643677,0.4153950913539913
1705929714656,0.22971379938228598,0.2613210711290463
1705929714674,0.21741731300108788,0.2512939694491163
1705929714689,0.22750258827346628,0.2509471926173846
1705929714704,0.21183350240632548,0.22206204415960232
1705929714725,0.20844344829612102,0.2256492834629333
1705929714740,0.20273166383722271,0.21681024758469525
1705929714755,0.19964604404763242,0.24553593936858498
1705929714773,0.194918319574824,0.20520101328110163
1705929714788,0.20123143770107746,0.24402836116785495
1705929714803,0.20521586048342286,0.24757459522702818
1705929714821,0.1533198672284396,0.07148518716538677
1705929714836,0.21258240670164946,0.21036036626834267
1705929714851,0.1986024660166942,0.26366108001994815
1705929714869,0.16971891181386192,0.20958285914975694
1705929714887,0.1724429845155548,0.147838316877219
1705929714901,0.21282505178130515,0.2201954707397965
1705929714916,0.1993150653557123,0.26606734736390875
1705929714934,0.20875881144296324,0.1612432925731579
1705929714949,0.2079697103513655,0.23682427071405523
1705929714964,0.20605062461270063,0.23530499910233008
1705929714981,0.20578253667878613,0.2218342675023182
1705929714996,0.20180530259619153,0.22194495781136422
1705929715013,0.19537697630420606,0.1962400904045378
1705929715031,0.25403013979308636,0.28397703552863246
1705929715046,0.2715403790981715,0.34387517642582416
1705929715061,0.4033338602615677,0.3866701842740998
1705929715079,0.38304515433447767,0.43708988323849024
1705929715094,0.40186749581765313,0.3844727611985593
1705929715112,0.40766148386372586,0.42549043665910663
1705929715133,0.4012411839123355,0.4427915956338435
1705929715145,0.39847546318862054,0.40286787335518204
1705929715160,0.4027859504541846,0.4270773604240188
1705929715174,0.40115147260607004,0.4258978404848748
1705929715192,0.4040032221083586,0.4407959860786829
1705929715210,0.4040232105461541,0.443769036980028
1705929715225,0.4004057597807582,0.4351603967908984
1705929715243,0.40103792810780475,0.4375447832468158
1705929715258,0.40368220985516773,0.4525247621690854
1705929715276,0.4046377874169955,0.442539529520116
1705929715293,0.4138825653223501,0.4691473794826006
1705929715305,0.38703198059827554,0.4478815412302619
1705929715320,0.4044600460458138,0.44958962684160114
1705929715338,0.3837042008747001,0.45139382486148444
1705929715353,0.40200290142092393,0.5048932345850354
1705929715374,0.4019442294603637,0.5149121061990358
1705929715387,0.4007282336080969,0.5246362354174677
1705929715402,0.40130715668897854,0.5280755406671642
1705929715419,0.40428800095978634,0.5433333803222083
1705929715437,0.4058764578149588,0.5632127003829057
1705929715452,0.4147810015195337,0.5946198038871487
1705929715467,0.41564388149498194,0.604139228368339
1705929715484,0.4204291862606016,0.6166292461854339
1705929715502,0.42305092518518544,0.6507112432049855
1705929715520,0.4261370827359994,0.676726754249255
1705929715532,0.42645060729550704,0.7061837087475814
1705929715550,0.42720103601763787,0.7137317522029821
1705929715568,0.42952065910531295,0.7131664887439082
1705929715583,0.4318012905657846,0.7210131267377772
1705929715600,0.4342358025183192,0.7035125176947568
1705929715614,0.43415194789130895,0.7066064825510043
1705929715632,0.4350468169440588,0.7072359215663186
1705929715652,0.43291732983360925,0.6974542552806845
1705929715666,0.43295242817722696,0.6990809817188985
1705929715681,0.4326071026443745,0.7003082380797667
1705929715699,0.43247236605026207,0.7014016669406452
1705929715711,0.42929595150760774,0.7777785110764579
1705929715729,0.4656676514706441,0.7725791528876785
1705929715747,0.438219998099238,0.7942013817033778
1705929715759,0.42639538303273933,0.7812299250017145
1705929715776,0.43185701725669223,0.7982286817775308
1705929715791,0.469360969877505,0.7854570418412065
1705929715812,0.46766453773006056,0.8022291849154084
1705929715827,0.47837890061096167,0.8114502436167249
1705929715842,0.4349453785668522,0.8207990032100282
1705929715858,0.48256926908672587,0.8236856510897389
1705929715875,0.47073023185802604,0.8506177089911775
1705929715889,0.4822617178539521,0.8248061441304361
1705929715910,0.47593552163225183,0.8277536756202636
1705929715922,0.4760506319693476,0.8287781545727636
1705929715937,0.4442537551865659,0.8489808476174964
1705929715954,0.48609784276948736,0.8230638005964311
1705929715969,0.47557725978475524,0.8533102409924425
1705929715987,0.4865167089273901,0.8222500981892503
1705929716005,0.4425130252381642,0.8324872691935349
1705929716020,0.484576954206948,0.8257461441741336
1705929716038,0.4679872509347975,0.853837917465876
1705929716053,0.4859132675724854,0.8261737004343249
1705929716068,0.47839431771166896,0.832749829980711
1705929716086,0.47940824441450974,0.8369196387608987
1705929716101,0.4833004113209995,0.8416093760480511
1705929716118,0.481781857436169,0.8507048703414487
1705929716133,0.47890915707853254,0.8514561968569506
1705929716154,0.3718666703478096,0.8321950564482078
1705929716163,nan,nan
1705929716181,nan,nan
1705929716196,nan,nan
1705929716217,nan,nan
1705929716230,nan,nan
1705929716242,nan,nan
1705929716262,nan,nan
1705929716277,nan,nan
1705929716295,nan,nan
1705929716310,nan,nan
1705929716328,nan,nan
1705929716343,nan,nan
1705929716361,nan,nan
1705929716376,nan,nan
1705929716394,nan,nan
1705929716406,nan,nan
1705929716425,nan,nan
1705929716440,nan,nan
1705929716455,nan,nan
1705929716473,nan,nan
1705929716487,nan,nan
1705929716505,nan,nan
1705929716522,nan,nan
1705929716540,nan,nan
1705929716558,nan,nan
1705929716570,nan,nan
1705929716585,nan,nan
1705929716600,nan,nan
1705929716619,nan,nan
1705929716634,nan,nan
1705929716652,nan,nan
1705929716669,nan,nan
1705929716684,nan,nan
1705929716699,nan,nan
1705929716720,nan,nan
1705929716732,nan,nan
1705929716747,nan,nan
1705929716768,nan,nan
1705929716782,nan,nan
1705929716797,nan,nan
1705929716818,nan,nan
1705929716833,nan,nan
1705929716848,nan,nan
1705929716866,nan,nan
1705929716883,nan,nan
1705929716909,0.3398865462401723,0.7619122153331036
1705929716915,nan,nan
1705929716927,nan,nan
1705929716942,nan,nan
1705929716960,nan,nan
1705929716978,nan,nan
1705929716991,nan,nan
1705929717009,nan,nan
1705929717027,nan,nan
1705929717042,nan,nan
1705929717060,nan,nan
1705929717078,nan,nan
1705929717090,nan,nan
1705929717108,nan,nan
1705929717123,nan,nan
1705929717141,nan,nan
1705929717153,nan,nan
1705929717173,nan,nan
1705929717185,nan,nan
1705929717206,nan,nan
1705929717217,nan,nan
1705929717235,nan,nan
1705929717250,nan,nan
1705929717265,nan,nan
1705929717285,nan,nan
1705929717300,nan,nan
1705929717318,nan,nan
1705929717336,nan,nan
1705929717348,nan,nan
1705929717363,nan,nan
1705929717383,nan,nan
1705929717395,nan,nan
1705929717412,nan,nan
1705929717432,nan,nan
1705929717447,nan,nan
1705929717462,nan,nan
1705929717477,nan,nan
1705929717497,nan,nan
1705929717509,nan,nan
1705929717533,nan,nan
1705929717542,nan,nan
1705929717560,nan,nan
1705929717575,nan,nan
1705929717596,nan,nan
1705929717611,nan,nan
1705929717625,nan,nan
1705929717646,nan,nan
1705929717658,nan,nan
1705929717676,nan,nan
1705929717693,nan,nan
1705929717708,nan,nan
1705929717722,nan,nan
1705929717742,nan,nan
1705929717754,nan,nan
1705929717771,nan,nan
1705929717786,nan,nan
1705929717801,nan,nan
1705929717816,nan,nan
1705929717837,nan,nan
1705929717852,nan,nan
1705929717870,nan,nan
1705929717885,nan,nan
1705929717906,nan,nan
1705929717918,nan,nan
1705929717933,nan,nan
1705929717951,nan,nan
1705929717966,nan,nan
1705929717989,0.4298577422636778,0.530497418226868
1705929717998,0.4269876810644025,0.49575062299300166
1705929718015,0.4362276800672391,0.45840951617115894
1705929718030,0.40354354122936825,0.40465781465771283
1705929718050,0.4253171187899387,0.45921963539023897
1705929718065,0.423024576972923,0.4926937460564803
1705929718079,0.4227097793730423,0.4955590532031575
1705929718097,0.39058620274597516,0.47367887797575103
1705929718111,0.3942025371416699,0.4087096295217803
1705929718128,0.3622877314593345,0.4441980958059062
1705929718146,0.3847673833967058,0.3840417740633167
1705929718161,0.35853130395329275,0.36410706014856514
1705929718175,0.38934603959290975,0.4525993769216803
1705929718196,0.37893580426688594,0.48080154741226605
1705929718211,0.409493090101879,0.4414623864442004
1705929718226,0.3959050692433147,0.5051708178478114
1705929718244,0.40209040911095856,0.4208450902420284
1705929718259,0.3876601253798671,0.4811697987556169
1705929718274,0.3916802950854554,0.45812110454945776
1705929718295,0.39202334952572865,0.46587326909977117
1705929718306,0.3890115870451274,0.4603386199499441
1705929718323,0.38551306788961776,0.44272385643754947
1705929718338,0.3847192395609884,0.4340366834378094
1705929718356,0.382908833237142,0.41171765970382407
1705929718374,0.38793724177610156,0.42884930976410307
1705929718389,0.3700739191527183,0.42770958211184995
1705929718404,0.4008665979637375,0.39851072919297725
1705929718422,0.38776909897599815,0.4929961175427505
1705929718440,0.3905028354536863,0.4763779066655282
1705929718452,0.3925269713684217,0.49177688072712916
1705929718467,0.3927772474642108,0.5009505086313627
1705929718484,0.3900294055269529,0.5029951348599562
1705929718503,0.3965484552770544,0.4475013206868133
1705929718518,0.3651456128818413,0.4128852415485819
1705929718533,0.38972595943585875,0.43450944639842987
1705929718551,0.389269500888115,0.49207713932355174
1705929718565,0.3914509244871007,0.5021467697979499
1705929718583,0.39180536768644436,0.5032337640978907
1705929718598,0.3876754643411509,0.49192517336826175
1705929718613,0.38846668795724587,0.48591501847018553
1705929718630,0.3826525369796321,0.4669343577859733
1705929718648,0.3849341051582433,0.48628604015611426
1705929718666,0.38682037612836895,0.48437888582845806
1705929718678,0.38441054565192473,0.4847864755834063
1705929718696,0.38507172786880695,0.49275169618185916
1705929718714,0.3855351323293765,0.48564511556817797
1705929718728,0.3893076918153648,0.5055738786092169
1705929718749,0.3909959219088169,0.5125548417003823
1705929718761,0.3889423025839875,0.5020492721760649
1705929718779,0.38749494104680676,0.48293480897403135
1705929718794,0.3839778909384443,0.4552628649946846
1705929718817,0.38300571480214246,0.44056557326675766
1705929718829,0.3799009030375025,0.42872844464896187
1705929718844,0.3816518359239818,0.4445920635113299
1705929718861,0.380670563019848,0.45408859154366255
1705929718876,0.3813531721973084,0.4724560297594027
1705929718897,0.3885139755515672,0.49548245253504425
1705929718909,0.3873924778057779,0.4937776549761071
1705929718924,0.3932189440293003,0.5049091859502424
1705929718939,0.39367822300635774,0.4924012802724017
1705929718954,0.3908201574784382,0.4858096980147087
1705929718972,0.3717706406023235,0.4863600634152901
1705929718989,0.3826159840427999,0.48537427087687474
1705929719004,0.38153671156016616,0.4908996734862725
1705929719021,0.3834929146615424,0.4962253821962048
1705929719036,0.38171021993133286,0.4656189959754206
1705929719057,0.3833206180299326,0.4715320862514283
1705929719069,0.3586961190734157,0.3824408771538415
1705929719084,0.40190504153311735,0.42615508380412565
1705929719102,0.3905071873028325,0.4988856433800786
1705929719119,0.3889765347903625,0.47137742834756907
1705929719134,0.39626337597947653,0.4848198332146712
1705929719149,0.3937946334836771,0.48455773654414425
1705929719167,0.3915491797981246,0.4885345661708607
1705929719182,0.3932738800241706,0.49352775210004024
1705929719199,0.3921669630752837,0.5155024579117413
1705929719217,0.40341417250826106,0.43934542428637774
1705929719231,0.3973663702843042,0.516778736232476
1705929719248,0.3982802959966027,0.5218077930438815
1705929719266,0.23975963511082526,0.22729294426824764
1705929719282,0.2522201384296558,0.34264104471922624
1705929719293,nan,nan
1705929719311,nan,nan
1705929719329,nan,nan
1705929719344,nan,nan
1705929719361,nan,nan
1705929719379,nan,nan
1705929719393,nan,nan
1705929719408,nan,nan
1705929719425,nan,nan
1705929719442,nan,nan
1705929719466,nan,nan
1705929719475,nan,nan
1705929719490,nan,nan
1705929719511,nan,nan
1705929719523,nan,nan
1705929719538,nan,nan
1705929719554,nan,nan
1705929719575,nan,nan
1705929719587,nan,nan
1705929719605,nan,nan
1705929719619,nan,nan
1705929719634,nan,nan
1705929719651,nan,nan
1705929719669,nan,nan
1705929719684,nan,nan
1705929719699,nan,nan
1705929719716,nan,nan
1705929719734,nan,nan
1705929719749,nan,nan
1705929719767,nan,nan
1705929719782,nan,nan
1705929719802,nan,nan
1705929719814,nan,nan
1705929719829,nan,nan
1705929719847,nan,nan
1705929719864,nan,nan
1705929719884,nan,nan
1705929719896,nan,nan
1705929719911,nan,nan
1705929719930,nan,nan
1705929719945,nan,nan
1705929719960,nan,nan
1705929719978,nan,nan
1705929719990,nan,nan
1705929720011,nan,nan
1705929720026,nan,nan
1705929720043,nan,nan
1705929720058,nan,nan
1705929720073,nan,nan
1705929720091,nan,nan
1705929720112,nan,nan
1705929720124,0.4855929959483067,0.2712481515270702
1705929720139,nan,nan
1705929720154,nan,nan
1705929720171,nan,nan
1705929720186,nan,nan
1705929720201,nan,nan
1705929720219,0.16729503470477047,0.6867167813398614
1705929720239,0.15637475263270886,0.5956899229699717
1705929720257,0.13477985516130989,0.6238327422531235
1705929720271,0.20186547169970054,0.6130061587950404
1705929720286,0.24070841643358223,0.6450055247944901
1705929720304,0.1976041598355349,0.60145789480803
1705929720322,0.11376381115030183,0.7271124994742558
1705929720336,0.1840370237126433,0.5815622938810922
1705929720351,0.23186387588251126,0.6341649037968017
1705929720366,0.1872023114438045,0.5688040224444553
1705929720387,0.17746739901911396,0.5901452733494986
1705929720399,0.18162939691180377,0.5561443570249656
1705929720417,0.22596920891981687,0.596514525963469
1705929720432,0.17263527640322998,0.5358468104168986
1705929720449,0.2675870631021122,0.5545431628493811
1705929720466,0.17845837715746507,0.5353304545022752
1705929720481,0.10985690023581345,0.4406571416477279
1705929720499,nan,nan
1705929720513,nan,nan
1705929720528,nan,nan
1705929720545,nan,nan
1705929720560,nan,nan
1705929720575,nan,nan
1705929720596,0.4048845055169383,0.9891403200526516
1705929720608,nan,nan
1705929720628,nan,nan
1705929720643,nan,nan
1705929720661,0.35297828436982126,0.35745569910889446
1705929720673,nan,nan
1705929720693,nan,nan
1705929720705,nan,nan
1705929720723,nan,nan
1705929720740,nan,nan
1705929720755,nan,nan
1705929720776,0.6155203492339223,0.25036442879672577
1705929720788,nan,nan
1705929720806,nan,nan
1705929720821,nan,nan
1705929720836,nan,nan
1705929720859,nan,nan
1705929720868,nan,nan
1705929720886,nan,nan
1705929720901,nan,nan
1705929720919,0.42079949659397164,0.7150082097453986
1705929720933,nan,nan
1705929720954,0.3301136712927713,0.6469389009837995
1705929720966,nan,nan
1705929720984,0.33921188316113465,0.6735248017741321
1705929720999,nan,nan
1705929721014,nan,nan
1705929721032,nan,nan
1705929721046,nan,nan
1705929721064,nan,nan
1705929721079,nan,nan
1705929721097,nan,nan
1705929721112,nan,nan
1705929721129,nan,nan
1705929721144,nan,nan
1705929721162,nan,nan
1705929721177,nan,nan
1705929721192,nan,nan
1705929721210,nan,nan
1705929721228,nan,nan
1705929721243,nan,nan
1705929721261,0.5989783307583358,0.5529783559185105
1705929721279,0.5948374250998426,0.5366415179550823
1705929721294,0.595674346685909,0.5149501177684366
1705929721311,0.595306504901629,0.5043318737806337
1705929721330,0.5686293515078783,0.48639909046860114
1705929721342,0.6199765646349402,0.44916677036628533
1705929721357,0.6134647123104453,0.4449261450890018
1705929721375,0.5449125424738839,0.49128094811943085
1705929721390,0.5455050347632829,0.4825322020344081
1705929721408,0.5364945784142549,0.46688134519721136
1705929721423,0.5409090300264922,0.48129189756206625
1705929721438,0.5379472927499311,0.4855198147073392
1705929721456,0.536373399839587,0.49398968761883577
1705929721476,0.532856059280668,0.5111108022984173
1705929721488,0.5335116204574047,0.5274991352543156
1705929721503,0.5304863260786638,0.5383517129687956
1705929721521,0.5307388861733007,0.5299140009581884
1705929721536,0.5304813701723127,0.5399562938137444
1705929721554,0.5303587867448207,0.5372814458695444
1705929721569,0.5294089016213133,0.5267252679910264
1705929721584,0.5319661754197874,0.5351514794325525
1705929721604,0.5311537758501315,0.5250224860833853
1705929721619,0.5206092323897282,0.5722110920745124
1705929721637,0.5248450525067753,0.5156304000608866
1705929721649,0.5280593749953842,0.5150027848971465
1705929721663,0.5237411031851831,0.5058786512264881
1705929721681,0.5282261612531104,0.5205346276642989
1705929721699,0.5287364963634545,0.5264347927312568
1705929721717,0.5287387611920483,0.5484343683818278
1705929721732,0.530119849101281,0.5391866448748158
1705929721747,0.5271065732524884,0.5287006084281073
1705929721765,0.5265677603203266,0.5363863220711323
1705929721782,0.5241289219418425,0.5282173653970619
1705929721794,0.5219922353231652,0.5411088312569422
1705929721812,0.5227861654170983,0.5448805240511809
1705929721827,0.5493960788583592,0.5027665459133873
1705929721845,0.4957173797807424,0.5277369473730769
1705929721863,0.5216213825295719,0.5334928283837843
1705929721878,0.5187536794712551,0.5277731058988402
1705929721895,0.5403453961948036,0.5363479323245036
1705929721910,0.5673978161664739,0.4880450963112624
1705929721931,0.5428250384041877,0.5419423804136192
1705929721940,0.5792189607661119,0.4777899031245381
1705929721958,0.5448769514856335,0.5428828918102969
1705929721973,0.5753906038284475,0.4289437790398685
1705929721990,0.5429673514053963,0.5347574226770653
1705929722008,0.5735320554974638,0.4657527125961332
1705929722025,0.5403611143666278,0.5449707303974477
1705929722039,0.572243789266981,0.5002005024450304
1705929722056,0.5389855806182359,0.5545334569958972
1705929722077,0.5680727930109096,0.5103608719504997
1705929722089,0.5395106239913418,0.5676356767426383
1705929722104,0.5412329599856719,0.5739626523433036
1705929722122,0.5418129108098714,0.5719428550360992
1705929722136,0.5416338092138059,0.5600874517230411
1705929722154,0.5386350313880617,0.5670933156326221
1705929722172,0.5342295425607007,0.5588148694341679
1705929722186,0.5331452153513881,0.5640549947939749
1705929722201,0.5333831638326934,0.569823620326616
1705929722219,0.5347406050536343,0.5684750703650255
1705929722234,0.5385761210110352,0.56688587120856
1705929722251,0.5398423365293058,0.5636630072934274
1705929722266,0.542459491751621,0.5621401615780319
1705929722280,0.5421763651300788,0.5696834934912968
1705929722301,0.5415219115494441,0.5603689306645179
1705929722316,0.5412680960517381,0.5608162367845864
1705929722331,0.5385598986775901,0.5356605477210746
1705929722348,0.5053998203561275,0.49691723616778843
1705929722366,0.4154778123285516,0.5255142176783455
1705929722378,nan,nan
1705929722398,nan,nan
1705929722410,nan,nan
1705929722429,nan,nan
1705929722444,nan,nan
1705929722458,nan,nan
1705929722476,nan,nan
1705929722491,nan,nan
1705929722506,nan,nan
1705929722524,nan,nan
1705929722539,nan,nan
1705929722557,nan,nan
1705929722572,nan,nan
1705929722587,nan,nan
1705929722604,nan,nan
1705929722622,0.34052791292637025,0.7627194869702021
1705929722637,nan,nan
1705929722652,nan,nan
1705929722672,nan,nan
1705929722693,nan,nan
1705929722702,nan,nan
1705929722723,0.3400441662151524,0.7646533686962332
1705929722735,nan,nan
1705929722750,nan,nan
1705929722765,nan,nan
1705929722783,nan,nan
1705929722798,nan,nan
1705929722816,nan,nan
1705929722832,nan,nan
1705929722847,nan,nan
1705929722862,nan,nan
1705929722882,nan,nan
1705929722894,nan,nan
1705929722912,nan,nan
1705929722930,nan,nan
1705929722945,nan,nan
1705929722963,nan,nan
1705929722978,nan,nan
1705929722993,nan,nan
1705929723010,nan,nan
1705929723028,nan,nan
1705929723043,nan,nan
1705929723058,nan,nan
1705929723076,nan,nan
1705929723091,nan,nan
1705929723109,nan,nan
1705929723126,nan,nan
1705929723141,nan,nan
1705929723156,nan,nan
1705929723176,nan,nan
1705929723190,nan,nan
1705929723205,nan,nan
1705929723222,nan,nan
1705929723236,nan,nan
1705929723256,nan,nan
1705929723271,nan,nan
1705929723286,nan,nan
1705929723301,nan,nan
1705929723321,nan,nan
1705929723336,nan,nan
1705929723357,nan,nan
1705929723366,nan,nan
1705929723384,nan,nan
1705929723399,nan,nan
1705929723417,nan,nan
1705929723434,0.2282704383712625,0.6399464913146887
1705929723449,0.2098853476764497,0.5692059982577432
1705929723467,0.21112027792030644,0.5606426913706222
1705929723485,0.20789222917961656,0.5493991342429814
1705929723500,0.24486485678476527,0.5994602625723076
1705929723518,0.11595296608910244,0.3936937189569011
1705929723530,0.10285199942350613,0.4992360082625583
1705929723545,nan,nan
1705929723563,nan,nan
1705929723580,nan,nan
1705929723597,0.49205161733137265,0.5405811162014956
1705929723609,nan,nan
1705929723627,nan,nan
1705929723645,nan,nan
1705929723663,0.45913723016470626,0.8616249616657705
1705929723675,nan,nan
1705929723693,nan,nan
1705929723707,nan,nan
1705929723725,nan,nan
1705929723742,nan,nan
1705929723757,nan,nan
1705929723775,0.17409777726790054,0.531278734835925
1705929723790,nan,nan
1705929723808,nan,nan
1705929723823,nan,nan
1705929723838,nan,nan
1705929723853,nan,nan
1705929723868,nan,nan
1705929723888,nan,nan
1705929723902,nan,nan
1705929723920,nan,nan
1705929723937,nan,nan
1705929723951,nan,nan
1705929723966,nan,nan
1705929723984,nan,nan
1705929723999,nan,nan
1705929724014,nan,nan
1705929724032,nan,nan
1705929724050,0.3387679802632935,0.7636386096487943
1705929724065,nan,nan
1705929724083,0.3399868671467577,0.7634253843401076
1705929724101,0.5311893647109789,0.04054106510389498
1705929724116,0.6626583307904123,0.033362165862389014
1705929724134,0.5929396346886775,0.299154919364259
1705929724152,0.6224861165227975,0.3699875568599908
1705929724167,0.6052329171175841,0.4231411690079196
1705929724181,0.5975144401655067,0.407973717026388
1705929724198,0.5934550678879119,0.4320149322627069
1705929724213,0.5920403493061661,0.4256129797362642
1705929724231,0.589535345479105,0.4296949185844976
1705929724249,0.5938609654063188,0.45801295925450036
1705929724261,0.6025421821915729,0.43854312495344966
1705929724279,0.6420264499678506,0.4810724046605378
1705929724298,0.67498312151674,0.4199347137811189
1705929724310,0.6777781010555494,0.4384597694339491
1705929724328,0.5889805377077073,0.42825106761074877
1705929724343,0.5915914602420234,0.4104201018717278
1705929724358,0.5609829251835394,0.4177401916535048
1705929724378,0.5638577916309837,0.41991865883124707
1705929724393,0.5690309773401538,0.4099210880394697
1705929724408,0.5675395439752847,0.4053150249181709
1705929724426,0.570751080043142,0.4000548900728844
1705929724441,0.5709668116172104,0.4177301784757537
1705929724459,0.5697298450172548,0.4315773318893649
1705929724476,0.5616315300853976,0.43740910610575223
1705929724488,0.5394353886672107,0.45234064504671495
1705929724506,0.5465780317838421,0.44062244925846067
1705929724523,0.5344594352022644,0.5064627780038954
1705929724541,0.5314809108501998,0.4922715411314802
1705929724559,0.5301620051902161,0.5201672490059644
1705929724573,0.5312041865115956,0.5303954361671829
1705929724587,0.5321951861669644,0.51814058039353
1705929724602,0.5658781872779587,0.4157748575353118
1705929724620,0.5298427510652948,0.5140264298406819
1705929724637,0.5631431638618505,0.427875764583612
1705929724651,0.5268201172732956,0.5124959509645207
1705929724666,0.5607229746224899,0.43784952829041
1705929724683,0.5277834481310109,0.4995614660931665
1705929724701,0.5289725688611739,0.5004814939750708
1705929724716,0.5319477155199406,0.4950041750678766
1705929724733,0.567290443453267,0.4290914081220983
1705929724750,0.5285238952955159,0.5021671413307094
1705929724765,0.5607460909292634,0.4529793531166775
1705929724783,0.5269911639060394,0.5019784870812836
1705929724801,0.5568796078736432,0.4325129983465241
1705929724816,0.5235199424033843,0.4888914884186439
1705929724828,0.5532813905446984,0.41518519160735057
1705929724846,0.521602646645347,0.5046287912285384
1705929724863,0.5510376137266606,0.47579184605163466
1705929724881,0.5220420580174747,0.5236008144545089
1705929724896,0.5528356053178951,0.5951026224293525
1705929724914,0.5230307339150067,0.5208104495163686
1705929724929,0.5473194587873286,0.4214024203714361
1705929724944,0.5459616213950159,0.408759483653961
1705929724961,0.6296382212711192,0.5325205134624548
1705929724982,0.5418691191388202,0.391434494766782
1705929724991,0.7039092248366082,0.5408147510664173
1705929725006,nan,nan
1705929725024,0.3405641903309069,0.7639325169919303
1705929725039,nan,nan
1705929725060,0.7603148856671532,0.9170224707566877
1705929725074,nan,nan
1705929725086,nan,nan
1705929725104,nan,nan
1705929725118,nan,nan
1705929725138,nan,nan
1705929725150,nan,nan
1705929725168,nan,nan
1705929725183,nan,nan
1705929725203,nan,nan
1705929725218,nan,nan
1705929725233,nan,nan
1705929725248,nan,nan
1705929725269,nan,nan
1705929725281,nan,nan
1705929725305,0.38961173878653427,0.8703710907178003
1705929725314,nan,nan
1705929725329,nan,nan
1705929725346,nan,nan
1705929725367,0.36609519355635683,0.8259351652631531
1705929725388,nan,nan
1705929725400,nan,nan
1705929725420,nan,nan
1705929725429,nan,nan
1705929725444,nan,nan
1705929725462,nan,nan
1705929725480,nan,nan
1705929725492,nan,nan
1705929725510,0.605528077289412,0.6656866721791027
1705929725525,nan,nan
1705929725542,nan,nan
1705929725559,nan,nan
1705929725576,nan,nan
1705929725591,nan,nan
1705929725606,nan,nan
1705929725627,nan,nan
1705929725639,nan,nan
1705929725656,nan,nan
1705929725673,nan,nan
1705929725693,0.4272814701641014,0.3255725477096959
1705929725705,nan,nan
1705929725723,nan,nan
1705929725738,nan,nan
1705929725755,nan,nan
1705929725767,nan,nan
1705929725788,0.5494082123166463,0.026551443048437724
1705929725803,nan,nan
1705929725818,0.5570199508478801,0.027855253948137773
1705929725836,0.5696992116821311,0.18288875019263454
1705929725852,nan,nan
1705929725867,nan,nan
1705929725888,0.9317648564389899,0.5633768342700745
1705929725902,0.8803020849418811,0.6145213396850844
1705929725917,0.34052077806643594,0.7630701212601528
1705929725938,0.3404534031737378,0.7629648584380534
1705929725950,0.34053596380866274,0.7630799164844193
1705929725965,0.34049934860379377,0.7630339366847348
1705929725980,nan,nan
1705929725998,0.8549494218376084,0.9703804614814587
1705929726013,nan,nan
1705929726034,0.8488006752241097,0.9549466032440275
1705929726049,0.3406420273464372,0.7634868844170382
1705929726061,nan,nan
1705929726081,0.340609752500363,0.7634261022423613
1705929726096,nan,nan
1705929726113,0.3406160008345622,0.7634015145081537
1705929726127,0.8028457098146211,0.9869895532077679
1705929726145,0.34055005180755793,0.7633270388636885
1705929726160,0.3405657671857375,0.7633010352294524
1705929726177,0.34061489700256037,0.7634071678289936
1705929726192,0.34058081021459535,0.763366364270046
1705929726207,0.3406168893994201,0.7634186406543492
1705929726224,0.3406258734937741,0.7634582289276429
1705929726242,0.340654548868323,0.7635058222658908
1705929726262,0.3406677766562732,0.7635106516253173
1705929726274,0.3406816770726087,0.7635150390072466
1705929726291,0.34067328550739867,0.7634834697995276
1705929726308,0.34064213198702314,0.7634252772168455
1705929726326,0.34062608634716857,0.7634154926331008
1705929726341,0.34059984797357035,0.7633626635541179
1705929726356,nan,nan
1705929726374,0.2881698931585486,0.6375524589615156
1705929726392,0.38048994944158815,0.5772315748942706
1705929726406,0.431867207400236,0.4907356286844178
1705929726421,nan,nan
1705929726436,0.588134445865731,0.377572423724785
1705929726454,nan,nan
1705929726469,0.5899806213375715,0.37997744848079956
1705929726484,nan,nan
1705929726504,0.5815293834418923,0.3888020353320558
1705929726519,0.5900434063564767,0.4257742911856322
1705929726534,0.588963966171676,0.4163004904180631
1705929726551,0.5885224017615645,0.41352192855845765
1705929726566,0.5890613394540436,0.4362018309542759
1705929726584,0.5837211251682808,0.4208605562074423
1705929726599,0.628043387202936,0.4126047709872605
1705929726617,0.6462840761264048,0.4070400966023828
1705929726629,0.6289793738577432,0.3534918433642275
1705929726647,0.6298689091385526,0.40690661520245025
1705929726662,0.6355540146672266,0.3857053518318497
1705929726680,0.6348624850479407,0.40376872943787817
1705929726698,0.6343373794337704,0.41719867302422314
1705929726710,0.631420075862383,0.42343972905311444
1705929726728,0.6247740385106739,0.45288622016038466
1705929726746,0.5843792562555151,0.5301921313106487
1705929726761,0.6099634910830517,0.4553049792813921
1705929726782,0.5982816099842154,0.603861377512874
1705929726794,0.6153203435182864,0.46001758949872906
1705929726809,0.6614041311121958,0.419597679701031
1705929726826,0.6215968964207216,0.45878034756152203
1705929726841,0.6286126568661151,0.47333817900221115
1705929726858,0.6298958171497488,0.4681629489271916
1705929726874,0.6309794749529738,0.4557194054152951
1705929726889,0.6304502002030401,0.4454341134126171
1705929726904,0.633042002885132,0.4566353963324589
1705929726925,0.6117428086471668,0.43463165022611316
1705929726943,0.6248576163373007,0.4551003523371514
1705929726955,0.6229965950715002,0.4585947386556481
1705929726970,0.6215603376199782,0.46297233736284954
1705929726985,0.621606365171194,0.46135186826466085
1705929727003,0.6214305707967493,0.4580703410995192
1705929727021,0.6218400125782139,0.44908194821993813
1705929727039,0.6235517698434846,0.4430718498538849
1705929727053,0.6263639007557009,0.42968716991367567
1705929727067,0.6422634016351716,0.3872429845027607
1705929727085,0.6088634619336196,0.3893539688317704
1705929727103,0.5872382626534075,0.43527181679013216
1705929727119,0.616061236523688,0.4063494282129803
1705929727136,0.6026601227905259,0.43611144686548187
1705929727151,0.6163846915047536,0.4240120325687424
1705929727166,0.6098409600193202,0.44174833851437506
1705929727181,0.6083653809550851,0.44320153443491084
1705929727199,0.6083367060019389,0.40497685234788366
1705929727217,0.6078459559112818,0.4020892309914081
1705929727232,0.6055923951428659,0.3914815097816111
1705929727249,0.6069786406204958,0.3882869057177758
1705929727264,0.6074115087627174,0.39923899030779225
1705929727279,0.6053607112501234,0.40742189185425604
1705929727300,0.5655585131036813,0.5449342781194916
1705929727312,0.606742206849527,0.43721849856306155
1705929727326,0.6023901054555787,0.5139532790740582
1705929727344,0.5672914236232168,0.4309108586303215
1705929727359,0.5575404130284475,0.4633690614945835
1705929727377,nan,nan
1705929727389,nan,nan
1705929727407,nan,nan
1705929727425,nan,nan
1705929727440,nan,nan
1705929727460,nan,nan
1705929727471,nan,nan
1705929727489,nan,nan
1705929727505,nan,nan
1705929727524,nan,nan
1705929727536,nan,nan
1705929727554,nan,nan
1705929727572,nan,nan
1705929727584,nan,nan
1705929727601,nan,nan
1705929727619,nan,nan
1705929727636,0.4529596983700676,0.6002946526895487
1705929727648,nan,nan
1705929727666,0.43919699282750296,0.49009901306625475
1705929727681,nan,nan
1705929727702,0.4290029950159172,0.4790011880640312
1705929727716,nan,nan
1705929727734,0.45387202756228295,0.5591297019902197
1705929727746,nan,nan
1705929727769,0.43943724889207286,0.46913915133704903
1705929727784,0.4237559930466349,0.4306539797138036
1705929727802,0.4506269766890824,0.2405619477829408
1705929727817,0.43712176501059186,0.557477606746486
1705929727829,0.4395899822806349,0.2692191843257339
1705929727843,nan,nan
1705929727864,0.4495096380584979,0.25451842081491305
1705929727879,nan,nan
1705929727894,nan,nan
1705929727912,nan,nan
1705929727927,nan,nan
1705929727942,nan,nan
1705929727962,nan,nan
1705929727977,nan,nan
