timestamp,event
1705311963012,start
1705311966320,next
1705311970585,next
1705311971580,next
1705311974614,next
1705311978381,next
1705311982457,next
1705311985746,next
1705311990179,next
1705311996447,previous
1705311996457,previous
1705311996659,previous
1705311996988,previous
1705311997284,previous
1705311997581,previous
1705312008384,next
1705312009283,next
1705312009455,next
1705312009720,next
1705312010378,next
1705312014223,next
1705312016390,next
1705312020819,next
1705312023693,next
1705312026989,next
1705312030545,end
