timestamp,confidence_right,confidence_left,diameter_right,diameter_left
1706004829445,1.0,0.0,35.889488220214844,0.0
1706004829502,1.0,0.0,35.929915484556425,0.0
1706004829561,1.0,0.0,36.1956125192539,0.0
1706004829616,1.0,0.0,36.915177209667625,0.0
1706004829669,1.0,0.0,36.9400960610195,0.0
1706004829722,1.0,0.1533119281042969,37.5864143371582,33.52845108203261
1706004829780,1.0,0.0,38.15089416503906,0.0
1706004829835,1.0,0.0,38.325042866500944,0.0
1706004829891,1.0,0.5611285131365183,38.38844105903618,45.41574096679688
1706004829953,1.0,0.0,38.79505920410156,0.0
1706004830010,1.0,0.0,38.94815826416016,0.0
1706004830065,1.0,0.0441849310551056,39.28538131713867,33.75589225769451
1706004830119,0.9593090415000916,0.0,39.27875993939002,0.0
1706004830174,1.0,0.0,39.66487884521485,0.0
1706004830230,1.0,0.0,40.239933013916016,0.0
1706004830282,1.0,0.7727055916504965,40.45444488525391,33.55232238769531
1706004830340,1.0,0.0084363462604797,40.66947937011719,35.32257802862326
1706004830399,1.0,0.0,41.15960311889648,5.098029196245313e-06
1706004830451,1.0,0.0,41.33825302124024,0.0
1706004830506,1.0,0.0,41.25250625610352,5.098029196245313e-06
1706004830562,1.0,0.0,41.269660974774574,5.098029196245313e-06
1706004830617,1.0,0.0,41.549346923828125,40.419883728027344
1706004830669,1.0,0.0,41.06169509887695,0.0
1706004830725,1.0,0.0,41.31889724731445,5.098029196245313e-06
1706004830777,1.0,0.0,41.205116271972656,5.098029196245313e-06
1706004830832,1.0,0.8076487183570862,41.61753082275391,41.79076385498047
1706004830893,1.0,0.0,41.561919691836735,5.098029196245313e-06
1706004830947,1.0,0.0,41.92820972857068,0.0
1706004831002,1.0,0.0,41.896461486816406,5.098029196245313e-06
1706004831052,0.0,0.7637339599556937,0.0,39.29175986053772
1706004831098,0.99,0.7460106258639536,40.60274505615234,44.730406981535765
1706004831145,0.9638499021530152,0.8776839375495911,39.65134985666931,45.38638262576836
1706004831196,0.9970744848251344,0.6980613470077515,40.73898562279191,46.06657409667969
1706004831246,1.0,0.5925692915916443,40.39922615477839,45.77943801879883
1706004831302,1.0,0.935250461101532,39.56651306152344,45.04837022298573
1706004831360,1.0,1.0,40.02513435351619,45.0312202475843
1706004831417,1.0,1.0,39.89975992465412,45.42280960083008
1706004831473,1.0,1.0,39.966789572253234,43.86842727661133
1706004831546,0.99,0.8947729586688725,40.003028869628906,41.85715067375268
1706004831592,0.9532422660115112,0.1206679194685793,39.69166709481603,44.91826677060528
1706004831636,1.0,0.0963726602767461,41.33385457553015,45.35924949148065
1706004831680,1.0,0.1276205269390593,41.34432601928711,42.75756120488165
1706004831734,1.0,0.978533050628392,42.4808943824042,32.262051372892955
1706004831788,1.0,0.1039399083430132,42.49617385864258,43.259868620563786
1706004831846,0.9643336304403248,0.0,42.96051788330078,0.0
1706004831901,1.0,0.0,42.50049591064453,0.0
1706004831955,1.0,0.0,42.42656891075992,0.0
1706004832008,1.0,0.0,43.047260365363165,0.0
1706004832061,1.0,0.1201044371780214,42.55033493041992,43.43044122025268
1706004832106,0.2196187610421574,0.99,43.0948689069416,44.71885299682617
1706004832144,0.0,0.2699488388968309,0.0,45.215566365847366
1706004832180,0.99,0.9513588547706604,39.61492538452149,44.28620529174805
1706004832217,0.0,0.8633526563644409,0.0,44.93609237670898
1706004832253,0.8995283809434901,0.7745591998100281,37.51922978648474,45.0934892087165
1706004832289,0.3693097069939932,0.7720410227775574,42.86987883758946,45.08851623535156
1706004832327,0.4046820700168609,0.3184624310941079,43.20638656616211,45.6246591709577
1706004832369,0.99,0.3542674331487818,39.45806503295898,45.42798611363435
1706004832420,1.0,0.959165096282959,39.97248289214823,45.88818359375
1706004832472,1.0,0.8963282108306885,39.85062789916992,43.72144221927911
1706004832527,1.0,0.886694610118866,40.694133903866906,46.42384960749216
1706004832581,1.0,0.973275899887085,40.98925135041499,46.14077377319336
1706004832643,1.0,0.8664530515670776,41.33905759614901,46.806726091893815
1706004832701,1.0,0.0,41.98066329956055,0.0
1706004832755,1.0,0.7042679190635681,42.10468970291388,48.25491532475653
1706004832810,1.0,0.6610440015792847,42.946739196777344,46.53536605834961
1706004832868,1.0,0.9814842939376832,43.24753952026367,49.299697056918674
1706004832927,0.4736185732965156,0.8158243852337548,68.69384765625,44.30949401855469
1706004832979,0.0,0.1189426756894021,0.0,44.3321215356868
1706004833027,0.1551517873259716,0.0,42.05661941707507,0.0
1706004833066,0.0,0.008598217653768,0.0,51.40693661333046
1706004833104,0.6142042230074233,0.0,45.40362548828125,0.0
1706004833150,1.0,0.0092323811529545,45.76904296875,47.65304025487856
1706004833197,1.0,0.0,45.925553311119565,0.0
1706004833254,1.0,0.0,45.74550425170606,0.0
1706004833313,1.0,0.0,45.820011138916016,0.0
1706004833371,1.0,0.0144014683371465,45.429813385009766,46.04270551159848
1706004833427,1.0,0.0,45.85994338989258,0.0
1706004833483,1.0,0.0,46.24357223510742,0.0
1706004833537,1.0,0.0,47.14369490469583,27.020076751708984
1706004833596,1.0,0.0,46.93155288696289,0.0
1706004833650,1.0,0.0,47.16766098921508,0.0
1706004833702,1.0,0.0,47.41926574707031,0.0
1706004833757,1.0,0.8363045454025269,47.31889343261719,44.09666332509031
1706004833813,1.0,0.1204641008124335,47.11443328857422,43.27094629123727
1706004833868,1.0,0.1386876767431807,46.32313306111454,45.08290632204029
1706004833920,1.0,0.1381510163074286,45.20153045654297,39.89418840327704
1706004833971,1.0,0.7395099997520447,45.07083434409679,49.13331604003906
1706004834027,1.0,0.8763172030448914,44.19398273030081,47.86593246459961
1706004834086,1.0,0.1653573491472415,43.83012390136719,38.32735284704301
1706004834146,1.0,0.0,43.07476516874164,0.0
1706004834199,1.0,0.0,42.80058670043945,0.0
1706004834251,1.0,0.0,42.500885009765625,0.0
1706004834303,1.0,0.0,42.12583160400391,0.0
1706004834353,1.0,0.3201390286657232,41.85811996459961,39.36785408440768
1706004834404,1.0,0.0,41.25414693061674,0.0
1706004834453,1.0,0.0,41.433765151479626,0.0
1706004834501,0.8897153104004683,0.7880012599125074,42.90858328552835,28.207239151000977
1706004834543,0.6,0.9296600715899448,40.43604526590933,42.83585357666016
1706004834581,0.7746454135120463,0.8557295771793159,45.13273620605469,44.81013870239258
1706004834622,0.9316684007644652,0.992379367351532,39.84466642671143,44.765380859375
1706004834665,0.9737548828125,0.930281400680542,40.1386619651771,44.83927917480469
1706004834716,0.8590948581695557,0.9049797654151917,39.995513916015625,43.69217154070117
1706004834772,1.0,1.0,40.36334524320775,43.78165719922174
1706004834829,1.0,1.0,40.80381774902344,44.80282127630038
1706004834885,1.0,0.9189340472221376,40.57591160557624,45.16884121646888
1706004834939,1.0,0.9718144536018372,41.070709228515625,44.69850540161133
1706004834998,1.0,1.0,41.04012577313334,44.723758697509766
1706004835053,1.0,0.7659380074704141,41.65785239040104,42.20158344117483
1706004835116,1.0,0.9826965928077698,41.97926330566406,45.34283065795898
1706004835174,0.0,0.1510897254967947,43.40610885620117,45.15883105451622
1706004835226,0.99,0.0,42.75006866455078,0.0
1706004835277,1.0,0.0,43.53286743164063,0.0
1706004835336,1.0,0.0,44.2776985168457,0.0
1706004835399,1.0,0.1015175733609417,44.06865834381475,47.54007118177342
1706004835463,1.0,0.0934324532909154,44.226341247558594,50.74146484838027
1706004835521,1.0,0.0577487280930705,43.975284576416016,46.600603542046514
1706004835583,1.0,0.0948946856991394,44.39392974537084,42.254775878114046
1706004835647,0.9853173276584246,0.0794870394209377,47.02998285014604,50.88108150983958
1706004835694,0.8371631573007757,0.911614602478148,38.72363662719727,44.38398349562295
1706004835740,0.4848067134905202,0.2392987924294799,43.004783962258514,48.18433570040031
1706004835782,0.9368142485618592,0.0,44.24673461914063,0.0
1706004835823,0.6834695339202881,0.9420251136422512,47.666107177734375,47.67717756404842
1706004835872,0.4130770705267955,1.0,50.17561836161872,47.51969528198242
1706004835926,0.3191807204247149,1.0,48.59353716164144,47.08099365234375
1706004835983,0.9565611481666564,0.8914129137992859,42.54238032772077,46.68694079384098
1706004836042,1.0,1.0,43.296722412109375,46.837989807128906
1706004836099,1.0,0.8225302696228027,42.37820937413405,46.128326997889744
1706004836153,0.8858649134635925,0.8797899484634399,43.228602575118,46.9931640625
1706004836202,0.9395290613174438,0.847412645816803,43.10095058883493,47.229861342252654
1706004836254,0.9739164113998412,0.9267137050628662,43.757911682128906,47.20491027832031
1706004836305,1.0,0.7197100520133972,43.76262269689428,47.84912490844727
1706004836357,1.0,0.9756181836128236,43.96295849848004,47.73321641562016
1706004836407,1.0,0.8551150560379028,44.115478515625,48.468242301974335
1706004836454,1.0,0.9513632655143738,44.68330656923381,48.74605941772461
1706004836502,1.0,0.9266353249549866,44.84494721254914,48.22419357299805
1706004836550,1.0,0.8994429707527161,45.028360138318725,48.388893127441406
1706004836599,1.0,1.0,45.35114669799805,48.93575381554423
1706004836645,1.0,0.9685757160186768,45.28150171715673,49.44038636761959
1706004836691,1.0,0.9586045742034912,44.873077392578125,49.06468963623047
1706004836739,1.0,0.9726095795631408,45.38244384911378,49.48707338970584
1706004836787,1.0,0.9833372831344604,45.60364353820706,49.33329772949219
1706004836836,0.999825119972229,0.8856945037841797,45.58048918666108,49.31524658203125
1706004836885,1.0,0.969444990158081,45.66275024414063,49.69687309825927
1706004836935,1.0,1.0,45.40331908978455,49.27989391237845
1706004836984,0.912865936756134,0.9555288553237916,46.14120864868164,49.42814636230469
1706004837031,0.9674413204193116,0.86411052942276,45.95142939835091,49.22506164029907
1706004837083,0.9369889497756958,0.9608354568481444,46.24973678588867,49.85904693603516
1706004837130,1.0,0.8788691759109497,46.419934979436405,49.45608693130698
1706004837177,1.0,0.8281428813934326,46.840606689453125,49.89293427840732
1706004837232,1.0,0.9673457741737366,47.19376311794756,49.81636714043457
1706004837288,0.3799182102581789,0.96114577684198,49.47588385926717,48.01388168334961
1706004837337,0.3141838215156385,0.711608350276947,47.102588214253046,47.36631667070677
1706004837386,0.4790804762234637,0.9532070159912108,48.81588480906906,49.12675626411969
1706004837430,0.0,0.9036397337913512,0.0,50.49967460161407
1706004837476,0.6657714344341801,0.9997385740280152,31.11503219604492,50.45928955078125
1706004837520,0.6577274203300476,0.711346447467804,47.76613998413086,49.14683364541981
1706004837567,0.7219922542572021,0.8354445099830627,48.1836051940918,49.01258612341135
1706004837612,0.74288010597229,0.9098318219184875,48.52134506840834,48.51765823364258
1706004837661,0.9630315899848938,0.8273001909255981,47.9263916015625,49.46807198350904
1706004837709,1.0,0.8838981986045837,47.719750811517805,50.10744094848633
1706004837756,0.9995564222335817,0.9100507497787476,48.38873074041727,50.186913045338905
1706004837805,0.961344838142395,0.8083285689353943,47.93768310546875,50.25887328161074
1706004837856,0.8598973155021667,0.9412664175033568,48.44323348999024,50.89037322998047
1706004837909,0.954885959625244,0.951881229877472,48.56144332885742,51.423866271972656
1706004837967,1.0,0.961782157421112,48.55790328979492,50.35639662521834
1706004838025,0.8200592180870274,0.0,47.39353246517406,0.0
1706004838072,0.0,0.0,0.0,0.0
1706004838120,0.2892454398760908,0.0,45.82443782110666,0.0
1706004838163,0.1693340389965184,0.0,47.55895073194015,0.0
1706004838208,0.99,0.0673347018869013,50.0094549665036,50.126596285547045
1706004838255,1.0,0.0,49.9630012512207,0.0
1706004838304,1.0,0.1033992390978456,49.81990432739258,42.78839323976588
1706004838362,1.0,0.0,49.43904113769531,0.0
1706004838423,1.0,0.0,49.39911651611328,0.0
1706004838484,1.0,0.0,48.93009055621607,0.0
1706004838546,1.0,0.0,48.54584884643555,0.0
1706004838607,1.0,0.0,48.20016676535297,0.0
1706004838668,1.0,0.0,48.82739859116503,0.0
1706004838733,1.0,0.1200707621764805,47.8856315612793,43.61637371314168
1706004838795,1.0,0.0881713342471762,47.85924797059996,51.03706126349205
1706004838854,0.8706402251582535,0.0,50.31750192545425,0.0
1706004838903,0.6438819416476718,0.8772133132975402,55.58512878417969,46.1442985534668
1706004838954,0.3733135330005007,0.8009751439094543,47.30246214788426,46.94516471622229
1706004839011,0.9578278660774232,0.9075645804405212,44.66253262170415,46.8650016784668
1706004839069,0.99,0.9357191920280457,44.65964444872408,47.63066864013672
1706004839126,1.0,1.0,44.54958961674424,46.8311450604236
1706004839183,1.0,1.0,44.36267225918152,46.24148793105599
1706004839237,1.0,0.8662594556808472,44.2099416123617,47.77467727661133
1706004839293,1.0,1.0,44.42558336279458,47.10951614379883
1706004839345,1.0,0.8167116641998291,44.20093536376953,46.81015732296992
1706004839399,1.0,1.0,44.51031969425853,46.23919296264648
1706004839456,1.0,0.7546209692955017,44.89967727661133,47.7836477743417
1706004839513,1.0,1.0,44.94244000801618,47.18468475341797
1706004839566,1.0,1.0,45.72200012207031,47.64530849936485
1706004839620,1.0,1.0,45.78058624267578,47.171223975391904
1706004839682,1.0,1.0,46.38457349379524,48.07779652306342
1706004839736,0.8711773633479587,0.1145718207217364,47.35263675748754,46.09370729393622
1706004839778,1.0,0.1597266159770214,46.266151428222656,41.39380220182986
1706004839819,0.9926568269729614,0.151408130923885,46.99452596577828,44.10867875356956
1706004839867,1.0,0.0,47.51396179199219,0.0
1706004839919,1.0,0.137099637434855,47.919952392578125,44.270915721012
1706004839977,0.9927034378051758,0.1292765513865066,47.652008004638766,44.48018396578257
1706004840035,1.0,0.1100609417833052,47.74591732100376,48.85577119722849
1706004840092,1.0,0.1215424218062398,47.692095205319184,42.13386037349828
1706004840149,1.0,0.0,47.75132751464844,0.0
1706004840209,1.0,0.1344400858988671,47.438114166259766,45.79376157529199
1706004840265,0.99,0.0,48.35984882207581,0.0
1706004840298,0.2016617643920948,0.6417156223125721,52.85133941914807,47.1976318359375
1706004840336,0.2123172454275774,0.9351131181390776,53.51450737463081,48.42389297485352
1706004840373,1.0,0.3399030062472893,43.12682704147256,41.772283013531656
1706004840417,0.7292320132255554,0.8244607630832701,45.48979478851468,49.32337648381804
1706004840468,0.3977038842585763,0.5773202776908875,50.702517626297485,50.23683547973633
1706004840523,0.6427235744740082,0.7762453812350881,22.23115539550781,47.26574909621728
1706004840571,0.1168162467970254,0.6870920062065125,50.84138899993266,49.61997604370117
1706004840627,1.0,0.7308735847473145,44.97650309910139,48.85942251923214
1706004840682,0.9694808125495912,0.3112585141568806,44.85527265180052,41.12252945653413
1706004840738,1.0,0.9168342351913452,45.48371207354832,47.75287130774365
1706004840790,1.0,0.9439882040023804,45.72392272949219,48.23082397815545
1706004840838,0.9326192140579224,1.0,45.41909408569336,47.524104432941336
1706004840887,1.0,0.9865051507949828,45.069353174494495,47.92765077812943
1706004840936,0.9828580617904664,0.8989281058311462,45.839786529541016,47.5826530456543
1706004840986,1.0,0.8265500068664551,45.67431329209592,49.421165466308594
1706004841036,1.0,0.8263309597969055,45.745317353301225,48.72710800170898
1706004841085,1.0,0.9177134037017822,45.806877523087344,49.2911376953125
1706004841136,1.0,0.8708961606025696,45.41265106201172,49.002140045166016
1706004841186,1.0,0.8812068104743958,45.9185910772862,48.99296951293945
1706004841232,1.0,0.9792676568031312,45.59098734124069,50.72102355957031
1706004841283,1.0,1.0,45.1300497986749,49.81176433346349
1706004841333,1.0,0.908781111240387,45.50937947491965,49.6554360980578
1706004841386,0.9930797815322876,0.9679135680198668,45.45479583740234,50.48690258821513
1706004841435,0.9208226203918456,0.8889853954315186,45.84528348685383,49.54672622680664
1706004841486,1.0,0.9953526258468628,45.86197051246628,50.5605329192788
1706004841537,0.985386073589325,0.9448235630989076,46.14241027832031,50.212040190540975
1706004841588,1.0,1.0,46.48080833141103,50.20202255249024
1706004841638,1.0,0.9539154171943665,46.36392251285758,50.928489685058594
1706004841687,1.0,1.0,47.02705383300781,50.0708122253418
1706004841738,1.0,1.0,47.249336287751575,50.742279052734375
1706004841787,1.0,0.778508722782135,47.411170959472656,50.657325744628906
1706004841842,0.9710687398910522,0.9600134491920472,47.95109128155441,51.09609968944615
1706004841900,0.8764573591361549,0.2363379690357714,47.92005157470703,52.142548447041705
1706004841947,0.4296198810648188,0.2404635983327236,50.311539880047576,51.841567146618814
1706004841994,0.5139973163604736,0.801954984664917,56.18351364135742,50.8447849161651
1706004842039,0.578601062297821,0.8888376951217651,57.58087158203125,50.9413073940013
1706004842084,0.3490566909313202,0.9530878067016602,29.06177520751953,49.8191190487878
1706004842132,0.970203161239624,0.9187056422233582,48.31901550292969,50.45830535888672
1706004842178,0.974586546421051,0.8577554821968079,48.44729967192527,50.985050201416016
1706004842225,0.9965677857398988,0.8664551973342896,47.70388412475586,51.32416915893555
1706004842273,0.978629469871521,0.9998143911361694,48.31671619552839,50.75958679816042
1706004842323,0.8822128772735596,1.0,48.3354721069336,51.16509876377245
1706004842375,0.9776001572608948,0.73630291223526,48.23963965598364,51.087852478027344
1706004842433,0.9654189944267272,0.8462234139442444,48.44446563720703,51.38577049443012
1706004842484,0.99,0.7667905100809088,47.71653674116028,50.64725875854492
1706004842534,1.0,0.8116414546966553,48.90027738301384,55.04646117086075
1706004842578,1.0,0.921551525592804,49.43829016930649,52.99968268052688
1706004842624,1.0,1.0,49.169066696663776,51.76739447343168
1706004842670,0.0,0.0,0.0,0.0
1706004842716,0.99,0.1160727418907823,49.68212127685547,53.10628192403313
1706004842765,1.0,0.0,50.53817581984995,0.0
1706004842813,1.0,0.0,50.00365447998047,0.0
1706004842868,1.0,0.0821870482878069,49.69659805297852,52.63548786132587
1706004842924,1.0,0.145123610616493,49.436218573630335,46.29634275846061
1706004842980,1.0,0.0,48.39930725097656,0.0
1706004843039,1.0,0.266158298478114,47.499749518350654,45.01608473638898
1706004843098,1.0,0.222006870789651,46.883419036865234,46.41242810531232
1706004843152,1.0,0.2312884991340827,46.88156127929688,44.37638023521831
1706004843208,1.0,0.1788551353997165,46.26141357421875,44.67873333584154
1706004843267,1.0,0.0,46.618141174316406,0.0
1706004843323,1.0,0.0165605870665069,46.11629369409732,35.98920158216694
1706004843378,1.0,0.0,45.56583023071289,0.0
1706004843437,1.0,0.0,44.998947044130446,0.0
1706004843495,1.0,0.0259138857292011,44.71484824057819,45.81976977568773
1706004843546,1.0,0.0,44.06520462036133,4.101961087311926e-06
1706004843597,1.0,0.0,43.66783142089844,4.101961087311926e-06
1706004843647,1.0,0.0,43.18479537963867,4.101961087311926e-06
1706004843698,1.0,0.0,43.13938823512488,4.101961087311926e-06
1706004843749,1.0,0.0,43.06495429166583,0.0
1706004843804,1.0,0.0,42.991455152636654,0.0
1706004843858,1.0,0.0,42.52083587646485,4.101961087311926e-06
1706004843909,1.0,0.0,41.69282531738281,4.101961087311926e-06
1706004843952,0.3057770132653116,0.9174458543482832,40.8461420982882,42.29946489736505
1706004843996,0.2497631254618032,0.99,47.34147620032773,44.593238830566406
1706004844045,0.2921673985444333,0.7908979654312134,47.154903173410034,45.60258483886719
1706004844090,0.3162173492897644,0.2959368005634288,48.12209651310931,46.5504034586277
1706004844142,0.9441766738891602,1.0,40.96714782714844,44.61159694695029
1706004844193,1.0,0.9745645523071288,41.07771119572482,44.7347412109375
1706004844248,1.0,0.999527871608734,41.39973831176758,46.05307769775391
1706004844304,0.9329697489738464,0.9745529294013976,41.38143801967136,47.16750717163086
1706004844365,0.9531729221343994,0.8994393348693848,41.07585144042969,45.73399991569453
1706004844424,0.0,0.0,0.0,0.0
1706004844471,0.99,0.0,43.329078674316406,0.0
1706004844520,0.984813630580902,0.12959384589667,43.45134051309378,48.24837515977376
1706004844575,0.9055493474006652,0.1295391021985818,43.632904052734375,48.90720514891208
1706004844631,0.99,0.1557235500008841,44.31635284423828,44.62746180039262
1706004844687,0.9838904738426208,0.0,44.28829574584961,0.0
1706004844742,0.9894900321960448,0.0,45.22164916992188,0.0
1706004844800,1.0,0.157903501479799,45.32605095807289,48.005561181514246
1706004844861,1.0,0.0873762216863275,45.78119463444436,53.197117195870334
1706004844916,1.0,0.1137037432828169,45.72617557223734,48.02546350064078
1706004844973,1.0,0.0,46.60003662109375,0.0
1706004845034,0.99,0.0,46.96335220336914,0.0
1706004845074,0.0,0.0,0.0,0.0
1706004845109,0.99,0.1176834556293421,44.65291940518237,47.74102878706743
1706004845148,0.6696942148803297,0.7503426671028137,46.915618896484375,48.72818718452615
1706004845193,0.3265457974484378,0.1495934000954704,45.7101841534307,50.20129160403031
1706004845237,0.4328341669260682,0.5498904585838318,48.73123555668958,48.60408401489258
1706004845284,0.9233271479606628,0.8973287343978882,44.68037865224393,47.55902740728401
1706004845341,1.0,0.8248156905174255,44.39687347412109,45.83700180053711
1706004845397,1.0,0.1239067893840234,44.81317901611328,48.68802820310633
1706004845457,0.9262068271636964,0.7108597643792387,44.20104134924804,44.80623245239258
1706004845514,0.9922271966934204,0.740523636341095,44.53825759887695,47.06855773925781
1706004845571,0.9821289777755736,0.0521866568648013,44.772842353635866,48.69096477823092
1706004845624,1.0,0.0649368694632944,45.32496697732394,44.64496465473151
1706004845680,1.0,0.7654485106468201,45.19452286004072,48.44253158569336
1706004845738,1.0,0.7469237446784973,45.62122161073931,46.59098815917969
1706004845790,0.992079496383667,0.8168492913246155,45.59474627470684,47.14982282000196
1706004845845,0.967268407344818,0.7444870471954346,45.85029602050781,49.92459487915039
1706004845897,0.9743264317512512,0.8368270397186279,45.883148193359375,48.31501770019531
1706004845947,1.0,0.8257262706756592,45.78590393066406,48.60215759277344
1706004846001,0.97114896774292,0.0,46.24821090698242,0.0
1706004846056,0.8939857482910156,0.0,45.91246803497948,0.0
1706004846113,1.0,0.6679963062516344,46.13545810282714,42.53565216064453
1706004846169,0.9579551219940186,0.0324430737225814,46.37626266479492,43.42305715739764
1706004846220,0.9586693048477172,0.8379730494897664,46.4893684387207,42.185713133657
1706004846271,1.0,0.7748586460988993,46.8560676574707,45.48448666829564
1706004846323,0.9577903151512146,0.9958950281143188,46.9988178708844,50.01199722290039
1706004846378,1.0,0.881016194820404,47.33881736848026,49.08539758220383
1706004846433,1.0,0.7156871557235718,47.36100769042969,45.124339660673634
1706004846482,1.0,0.9065034985542296,47.507780578362976,49.99198817310465
1706004846537,0.9752022624015808,0.9261769652366638,47.66057935874272,50.5337028503418
1706004846588,1.0,1.0,47.5965576171875,50.97502525717645
1706004846639,0.7376840768707371,0.0,46.888576594868525,0.0
1706004846684,0.0,0.6202013492584229,0.0,49.04352951049805
1706004846731,0.99,0.8595969080924988,47.50101854504842,49.83428192138672
1706004846778,1.0,0.8626439571380615,48.241812097946536,49.86296414793274
1706004846827,1.0,0.9353324770927428,47.691532135009766,50.812769162712826
1706004846878,0.8565502762794495,0.8809638619422913,48.53940721037452,50.67420400320506
1706004846933,0.8945332765579224,0.9921088218688964,48.38246536254883,50.4832763671875
1706004846986,0.8781895041465759,0.8908839225769043,48.59142382038646,50.17724302582163
1706004847043,0.99,0.7653777400938769,48.39082217502725,52.26411488473684
1706004847095,0.9522005319595336,0.0,46.58520996366184,0.0
1706004847148,0.9267783164978028,1.0,47.545372009277344,52.40934371948242
1706004847203,0.889946699142456,1.0,47.41335479983574,52.60578155517578
1706004847259,0.9090300798416138,1.0,47.55868148803711,52.3172596586412
1706004847313,0.8546181917190552,1.0,47.702754974365234,52.35842514038086
1706004847370,1.0,1.0,47.402697491378525,52.447879791259766
1706004847428,0.951932966709137,1.0,47.62879014158188,51.62974166870117
1706004847482,0.99,0.7581046446223826,45.24995527661692,49.711238861083984
1706004847532,0.8761491181851738,0.1408123228369881,48.27823004752728,55.21314339580739
1706004847573,0.0,0.0,0.0,0.0
1706004847614,1.0,0.0,47.38817596435547,0.0
1706004847659,1.0,0.1135146459046145,47.509037017822266,47.88856699782536
1706004847704,1.0,0.0,47.74289751582243,0.0
1706004847753,1.0,0.1195473848533683,46.423946380615234,50.147326765114
1706004847803,1.0,0.0,45.65659713745117,0.0
1706004847859,1.0,0.1196762025107681,45.73011406430941,53.38150857236155
1706004847920,1.0,0.714563679895841,45.326446533203125,39.07467937574391
1706004847981,0.99,0.1090761983480706,45.3685044611898,49.74134567853203
1706004848035,1.0,0.0,44.516390143961175,0.0
1706004848087,1.0,0.1073111726086711,44.95226801329424,51.16701252148869
1706004848139,1.0,0.1170079061289142,44.107513427734375,46.02857183625012
1706004848193,1.0,0.0,44.22730255126953,0.0
1706004848252,1.0,0.0973969922237299,43.20682144165039,53.47042967708265
1706004848311,0.2718178935971855,0.0,42.61613521581972,0.0
1706004848355,0.8645633495103617,0.0,43.06776428222656,0.0
1706004848398,0.5321041709670732,0.99,56.00711441040039,46.43976593017578
1706004848441,0.99,0.7084428071975708,40.189468333458976,45.575950829920274
1706004848492,1.0,0.9732100367546082,41.0296516418457,45.77717208862305
1706004848547,0.8815383911132812,1.0,41.50722122192383,46.26878356933594
1706004848604,1.0,0.9286970496177672,41.35123443603516,46.02270126342773
1706004848661,1.0,0.9805967211723328,41.44417572021485,46.55964647790937
1706004848715,1.0,1.0,41.863037109375,46.17399731142547
1706004848774,0.901095688343048,1.0,42.41415440409452,46.14070892333984
1706004848832,0.9817228317260742,0.995074450969696,42.51928329467773,46.38642051562951
1706004848889,1.0,1.0,42.74543686425319,47.27168602967022
1706004848945,1.0,0.8818301558494568,43.26017761230469,46.6306037902832
1706004848999,1.0,1.0,43.47408676147461,46.9255256652832
1706004849055,1.0,1.0,43.951019287109375,47.26529163617441
1706004849110,1.0,0.7101964950561523,43.78430938720703,48.300395643110505
1706004849161,1.0,0.9960666298866272,44.529844276937766,47.45011158285258
1706004849217,1.0,0.9979989528656006,44.59819794513023,47.52259637911254
1706004849271,1.0,0.9958644509315492,44.522106655169,48.00798416137695
1706004849329,1.0,0.9645916223526,45.11002731323242,47.79469299316406
1706004849384,0.7726296878246597,0.2125469178071819,47.80242919921875,45.81290739234242
1706004849433,0.7774585485458374,0.7508825063705444,44.7846521191178,46.83699836524652
1706004849485,0.9215633273124696,0.94537615776062,45.31497955904057,47.8541145324707
1706004849540,1.0,0.7831671833992004,45.32265840792641,48.21035385131836
1706004849594,1.0,0.9968854188919068,45.16935729980469,48.75112496796374
1706004849646,1.0,0.8374791145324707,45.48677444458008,48.08430192293054
1706004849700,0.9676936864852904,0.7286363244056702,45.637115478515625,49.13560104370117
1706004849751,1.0,0.7162896990776062,45.633556503034896,49.77565383911133
1706004849800,1.0,0.9184271097183228,45.79853091054946,49.43803405761719
1706004849857,0.9738247394561768,0.8119784593582153,45.85574509349514,49.752976643645646
1706004849909,1.0,0.5587918162345886,45.85821673630557,57.1916618347168
1706004849960,1.0,0.7428460121154785,45.96132966140224,49.75192216683814
1706004850011,0.9513527154922484,0.8890420794487,46.35245243500694,50.38898818482763
1706004850061,1.0,1.0,46.38176345825195,50.66812537040411
1706004850111,1.0,0.9565251469612122,46.55876541137695,50.881107330322266
1706004850163,0.9941491484642028,0.925727128982544,46.26050189695006,50.34438705444336
1706004850214,1.0,0.7109774947166443,46.53639557675661,50.602863923358825
1706004850265,1.0,0.778820812702179,46.53075408935547,50.80907332631048
1706004850321,1.0,0.7847560048103333,46.7216682434082,51.30897877204602
1706004850373,1.0,0.8756009340286255,46.88553237915039,50.85062931047359
1706004850423,1.0,0.8822750449180603,46.9031521549792,51.26687879578359
1706004850474,1.0,0.9740636348724364,46.73142604583428,51.00074962389287
1706004850524,1.0,0.887711226940155,46.70483140059871,51.20261809771628
1706004850576,1.0,0.8514546751976013,46.67654800415039,50.836612701416016
1706004850629,1.0,0.7974852919578552,46.46667627552362,50.78230285644531
1706004850682,0.9946209788322448,0.8163787722587585,46.71079254150391,51.14867065211994
1706004850731,1.0,0.9276970624923706,47.0296516418457,49.978880932102456
1706004850780,1.0,0.8198819160461426,46.550575256347656,51.02696228027344
1706004850834,1.0,0.9090546369552612,46.98360115834229,50.005090954483485
1706004850892,0.99,0.1677482209925286,46.00244140625,46.553893835636266
1706004850945,0.0,0.0,0.0,0.0
1706004850988,0.7496222404375453,0.0,24.53401336066565,0.0
1706004851027,0.0,0.0869947398872514,0.0,49.18442356961018
1706004851068,0.99,0.0,48.22730462340358,0.0
1706004851112,1.0,0.0722061733582342,48.85395005352894,49.011579543124405
1706004851163,1.0,0.0,48.61314392089844,0.0
1706004851217,1.0,0.0,48.69301223754883,0.0
1706004851276,1.0,0.0,47.80795576810968,0.0
1706004851336,1.0,0.0925258074654743,47.45395255896069,52.703881749450325
1706004851396,1.0,0.0,46.79610824584961,0.0
1706004851453,1.0,0.0598146327069206,46.79564666748047,55.24644806178976
1706004851510,1.0,0.0,46.96006774902344,0.0
1706004851568,1.0,0.0,46.764251708984375,0.0
1706004851627,1.0,0.0901996140791517,46.23271405701671,49.90503750109836
1706004851685,0.99,0.0,47.36410140991211,0.0
1706004851745,1.0,0.1337788491630275,45.61764526367188,49.17901505354198
1706004851804,1.0,0.0,45.17328643798828,0.0
1706004851863,1.0,0.1569563181480042,45.2718391418457,48.121909410362
1706004851917,1.0,0.0,45.30311046315743,0.0
1706004851970,0.9624595642089844,0.1237016857213214,45.80756759643555,51.54596312942292
1706004852030,1.0,0.7131175398826599,45.99456475484131,34.849220275878906
1706004852090,1.0,0.0,46.26270729296182,0.0
1706004852153,0.99,0.0,46.071659088134766,0.0
1706004852210,1.0,0.0,46.0732421875,0.0
1706004852267,1.0,0.0,46.159952260460784,0.0
1706004852325,1.0,0.0,45.86464309692383,0.0
1706004852385,1.0,0.0,46.4114990234375,0.0
1706004852448,1.0,0.0,45.599517822265625,0.0
1706004852503,0.99,0.0,45.092321273383945,0.0
1706004852556,1.0,0.2829845681902591,44.99335642510445,44.489231129115936
1706004852606,1.0,0.0,44.84511184692383,0.0
1706004852660,1.0,0.3789774928586207,44.52179933443141,44.13258703205153
1706004852707,0.8795190988399004,0.3344176427054364,45.086387634277344,42.47055109763462
1706004852754,0.0,0.851517654406463,0.0,42.66123962402344
1706004852801,0.758394317683064,0.8204776644706726,47.74425506591797,45.65097295688416
1706004852853,0.9719520807266236,0.7163323760032654,42.437772336584686,48.809940338134766
1706004852906,0.9058781266212464,1.0,41.883766174316406,45.689212799072266
1706004852964,0.994807243347168,1.0,41.86993786971392,45.53130722045898
1706004853017,0.9504220485687256,1.0,41.66332244873047,45.7850456237793
1706004853069,1.0,0.977921724319458,41.82137066513327,45.661277770996094
1706004853120,1.0,1.0,41.91759490966797,45.53976440429688
1706004853171,1.0,1.0,41.720917886798894,45.84857940673828
1706004853223,1.0,1.0,41.43817138671875,45.19003791331626
1706004853275,0.9977759718894958,1.0,41.828784778573166,45.543147394607175
1706004853328,1.0,1.0,42.30995178222656,45.36780548095703
1706004853379,0.9760046601295472,1.0,42.69943692220399,45.747684478759766
1706004853431,0.9630771279335022,1.0,43.12048889127805,45.261348724365234
1706004853483,1.0,1.0,43.315216064453125,45.68622589111328
1706004853536,1.0,1.0,43.77399826049805,46.364967346191406
1706004853591,0.99,0.2390805956101775,44.0656623840332,48.22085074768243
1706004853645,1.0,0.9593318104743958,44.070045471191406,47.618873596191406
1706004853697,0.9586745500564576,1.0,44.31169891357422,47.35544967651367
1706004853750,1.0,1.0,44.51077608570016,47.506568908691406
1706004853801,0.9840978980064392,1.0,44.86425714955115,47.96109008789063
1706004853853,1.0,0.9743269681930542,45.32390594482422,47.78814703511188
1706004853906,1.0,0.8786466717720032,44.43517303466797,47.59159130688773
1706004853960,1.0,0.9303054213523864,44.99774050246925,47.85493261904112
1706004854016,1.0,0.947371244430542,45.56479498780911,47.914005279541016
1706004854072,1.0,0.9250141382217408,45.739295959472656,47.90879440307617
1706004854124,1.0,1.0,45.96543502807617,49.19400787353516
1706004854178,1.0,0.7807554602622986,46.53117370605469,48.82725524902344
1706004854236,0.9600840210914612,0.7578796744346619,46.35047278984176,48.421512603759766
1706004854280,0.8149510278030928,0.1551907477427626,43.321629328846576,50.43776911393495
1706004854321,0.2687196781732233,0.116444728600612,45.86584828544356,51.22620176275817
1706004854363,0.9792906045913696,0.1115068114843947,47.59405517578125,45.715446002600366
1706004854404,1.0,0.0,48.24407548257936,0.0
1706004854453,1.0,0.0967180383417708,48.16554641723633,49.064213671652695
1706004854506,1.0,0.1094869970887331,47.84146565227831,47.229634978001584
1706004854559,1.0,0.1305416787270978,47.7995719909668,45.94630975760419
1706004854612,1.0,0.100574378672382,47.05756378173828,44.49027337212525
1706004854668,1.0,0.0,47.32378005981445,0.0
1706004854724,1.0,0.0,47.03775024414063,0.0
1706004854780,1.0,0.0,46.441786278920375,0.0
1706004854838,1.0,0.0,46.043813499571,0.0
1706004854895,1.0,0.1135325965260828,45.42021621828948,45.72311014662546
1706004854952,1.0,0.0,44.7857999104814,0.0
1706004855006,1.0,0.1097869669056172,44.41979512304252,43.13772480297159
1706004855055,0.99,0.0937477313123684,46.06756996461196,46.03904930710694
1706004855099,0.0,0.2023320258469728,0.0,49.50405535567219
1706004855136,0.99,0.0,42.16758346557617,0.0
1706004855171,0.7600478777073192,0.0,40.50146865844727,0.0
1706004855212,0.6680107712745667,0.2259173246741874,43.992637634277344,46.8860168999502
1706004855261,1.0,0.1850698449565209,42.60956437436341,47.4836067525557
1706004855313,1.0,0.5742859244346619,41.70987808567198,50.03874206542969
1706004855365,0.8182750940322876,0.2087346113233725,41.763876969668125,48.28810232598332
1706004855418,1.0,0.7875458598136902,42.05183353592097,49.29256361730735
1706004855471,1.0,0.2218668365281842,42.10865020751953,48.43242889888781
1706004855523,0.9788289070129396,0.1988392080694357,41.80324611102434,47.98721418233416
1706004855571,0.9947898983955384,0.211828842506219,42.12275695800781,48.82839652285072
1706004855620,1.0,0.8198656439781189,42.73085021972656,45.54554301025358
1706004855671,1.0,0.9496523141860962,42.88331604003906,46.33116264571576
1706004855723,0.9644569754600524,1.0,43.49638460202992,47.20269393920898
1706004855775,1.0,1.0,43.54715992062,47.52648823752198
1706004855825,0.9933286905288696,1.0,43.99488067626953,47.56720736400706
1706004855874,0.9814629554748536,1.0,44.53743892686785,48.56413650512695
1706004855922,0.9218923449516296,1.0,44.53691101074219,48.69514083862305
1706004855970,1.0,1.0,44.70277542602953,48.51968597164373
1706004856019,0.986012637615204,1.0,44.57825308453975,48.75422286987305
1706004856070,1.0,0.9995977282524108,44.81545452894471,48.73466491699219
1706004856118,0.985066831111908,1.0,45.326792005266284,48.812967373452665
1706004856172,1.0,0.9561564326286316,45.72404466997214,48.53220537712503
1706004856222,1.0,0.9595765471458436,45.609188663449984,49.57365581919475
1706004856271,0.9097416996955872,1.0,46.150276883644246,49.01621813947432
1706004856321,0.982158362865448,1.0,45.91106839386215,49.38917541503906
1706004856371,1.0,1.0,46.724226494411226,49.83097839355469
1706004856422,1.0,1.0,46.53732681274414,50.11707305908203
1706004856474,1.0,1.0,47.24594589437803,50.71553039550781
1706004856524,0.974958598613739,1.0,47.15038299560547,50.39982463174665
1706004856574,0.9920638799667358,1.0,46.94459915161133,50.654396057128906
1706004856623,1.0,0.9802467823028564,47.25744815391785,50.77311365106039
1706004856674,1.0,1.0,47.08488845825195,51.04962539672852
1706004856728,1.0,1.0,47.41507669151568,51.30930238334383
1706004856778,0.0,0.6660872003336666,0.0,50.047637939453125
1706004856822,0.2308034422195072,0.1979364869453048,48.49172145984169,46.59924187576466
1706004856864,0.0,0.1178436505074267,0.0,50.84964390585332
1706004856901,0.2720116861833448,0.0,46.50038012310519,0.0
1706004856940,1.0,0.0,49.53192901611328,0.0
1706004856981,1.0,0.1752298553650753,49.17838668823242,53.000746336117054
1706004857027,1.0,0.1547975107162962,49.03244018554688,51.2281845654249
1706004857078,0.99,0.8546808894585654,48.91086959838867,34.43954607654735
1706004857139,1.0,0.0,48.43092346191406,0.0
1706004857196,1.0,0.163151185451512,48.29723739624024,52.089152552532646
1706004857254,1.0,0.0,47.62816401185549,0.0
1706004857314,1.0,0.131823909552054,47.700291543743575,49.93852755079585
1706004857372,1.0,0.1537775778802781,47.32733335654515,50.38957947806175
1706004857429,1.0,0.1571337133957617,46.92311989172683,49.33351485626662
1706004857483,1.0,0.1260001823113017,46.58111108300788,48.70905277242469
1706004857538,1.0,0.0,46.36932373046875,0.0
1706004857591,1.0,0.0,45.971622467041016,0.0
1706004857650,1.0,0.0,45.86824798583984,0.0
1706004857707,1.0,0.1173658073402342,45.82842254638672,43.854404815364624
1706004857765,0.9908033013343812,0.8525081601324009,45.30030822753906,34.61479187011719
1706004857825,1.0,0.0,45.21720528360528,0.0
1706004857882,0.977562129497528,0.1606219224729679,44.70969009399414,45.84943493146612
1706004857941,1.0,0.2141745659113795,44.79096984863281,46.27381902972156
1706004857992,0.99,0.0,46.22028533260253,0.0
1706004858045,0.99,0.8874573096962948,42.60088496984373,39.34365463256836
1706004858102,1.0,0.9904494881629944,42.55548152143078,44.86282730102539
1706004858160,0.9810858964920044,1.0,42.35919952392578,45.24915313720703
1706004858214,0.9025768637657166,0.932328164577484,42.789100646972656,44.322328868662495
1706004858270,1.0,1.0,42.5087776184082,44.012638092041016
1706004858322,1.0,0.919562816619873,41.97887802124024,44.41191482543945
1706004858381,1.0,1.0,41.60120391845703,44.4010009765625
1706004858435,0.0,0.1496882405222767,0.0,46.98048793480231
1706004858478,0.9742435448791308,0.1165606744331539,41.84480667114258,42.03322923515716
1706004858522,0.99,0.0,42.7697868347168,0.0
1706004858568,1.0,0.0,43.57769710907917,0.0
1706004858618,1.0,0.6457856297492981,43.87333178639535,28.73887634277344
1706004858670,1.0,0.891176164150238,44.147003173828125,27.39996791778509
1706004858721,0.983476459980011,0.1920459119554143,44.16164016723633,41.887608141285526
1706004858773,0.997405767440796,0.2184214023090294,44.822321694552286,44.292125765735015
1706004858826,1.0,0.2184725660826738,45.22992706298828,47.61218938870331
1706004858879,0.969929337501526,0.8955442115220117,45.06185408880599,30.53111937575033
1706004858930,0.99,0.8523352146148682,45.31548309326172,45.90414047241211
1706004858985,1.0,0.6263062346953013,45.31732940673828,28.241050720214844
1706004859036,1.0,0.1402642889584203,45.90593694806238,34.684781751836496
1706004859090,1.0,0.8489586710929871,46.071285081041445,47.46030426025391
1706004859141,1.0,0.6528295278549194,46.53289794921875,29.492223739624023
1706004859192,1.0,0.4073199378128969,46.59149169921875,36.480350976714746
1706004859234,1.0,0.0,46.36751937866211,0.0
1706004859274,0.9037786189063624,0.4482349117097575,47.05146789550781,39.13763498209735
1706004859314,0.99,0.0,43.927593598697975,0.0
1706004859348,0.3906597373426468,0.3534911471522971,47.93780790547154,43.82025274140595
1706004859383,0.9800844914032982,0.800869882106781,45.28316309468161,49.63972091674805
1706004859416,0.9163580536842346,0.0,45.88883516919493,0.0
1706004859453,0.9688831567764282,0.9682390689849854,44.21742734934948,47.5949821472168
1706004859497,1.0,0.8632263541221619,44.4176892625099,47.1514778137207
1706004859547,1.0,0.9174731373786926,43.77786067085681,46.744388580322266
1706004859599,0.9700629711151124,0.8783910870552063,43.66869116038495,46.03129959106445
1706004859649,0.9643502831459044,0.8460608720779419,43.19537141597269,46.16764450073242
1706004859702,0.9199917316436768,0.7722660303115845,42.514333261384486,46.51359469090744
1706004859754,0.8999528884887695,0.9821062684059144,42.61651334544083,46.94903564453125
1706004859806,0.9682717323303224,0.9185780882835388,43.25668716430664,46.39995193481445
1706004859859,1.0,0.927798867225647,42.81135559082031,46.41669845581055
1706004859910,0.9955492615699768,1.0,43.57264030625666,46.91448211669922
1706004859963,1.0,0.8327013254165649,43.64127298474424,48.25240927237178
1706004860017,1.0,0.9784504175186156,43.960845947265625,48.54411315917969
1706004860068,1.0,0.9043909311294556,43.83535003662109,49.67851638793945
1706004860120,1.0,1.0,44.30209263951032,48.23888426930352
1706004860172,0.9913501739501952,0.9299290776252748,43.74065017700195,47.9565690984327
1706004860224,0.9805956482887268,1.0,43.60985751761918,48.19080072380535
1706004860276,0.8905394673347473,0.8374784588813782,43.960723876953125,48.55805969238281
1706004860326,0.9928291440010072,1.0,43.73247146606445,48.55632019042969
1706004860378,0.9682596325874328,1.0,43.47192175044013,48.49073576450127
1706004860429,0.9874535202980042,0.9352813363075256,43.86105941525037,48.15878460607885
1706004860479,1.0,1.0,43.9829330444336,48.01556577016571
1706004860531,1.0,1.0,44.0892918843838,48.59713708024783
1706004860581,0.9343483448028564,1.0,44.1536750793457,48.74959564208984
1706004860636,1.0,0.9716051816940308,43.90395406140669,48.550880432128906
1706004860688,0.9323121309280396,1.0,43.74773933554863,49.26264953613281
1706004860738,0.8860360980033875,1.0,43.940711975097656,48.7562806313712
1706004860791,1.0,1.0,44.29436335524208,49.38650131225586
1706004860844,0.9490196108818054,1.0,44.798242316117104,48.831092834472656
1706004860897,0.99,1.0,45.04597531295998,49.009857177734375
1706004860947,1.0,1.0,45.39368439269221,48.25132056458866
1706004860995,1.0,1.0,45.31601938494578,48.62425960652606
1706004861046,1.0,0.9887509942054749,44.926361083984375,49.40210596724784
1706004861087,0.2212876003993032,0.1948592319676021,43.39680392408882,52.922520862968746
1706004861120,0.0,0.1581714451934492,0.0,48.41809748441402
1706004861157,0.2747641629423564,0.7545315954476927,44.037256033232346,44.735358675835805
1706004861196,1.0,0.0,47.462345123291016,0.0
1706004861239,1.0,0.1689758809509969,46.76558303833008,50.38399550680504
1706004861290,1.0,0.1852393847593404,47.18111801147461,49.07218009869684
1706004861350,1.0,0.1499640592255785,47.30159759521485,49.01708405043401
1706004861410,1.0,0.1459640247418774,46.80254809521483,48.655658468353366
1706004861471,1.0,0.1503250477202628,45.9705869973203,48.97827138960618
1706004861528,1.0,0.0,46.11640669180984,0.0
1706004861585,1.0,0.1523933494503701,46.613094329833984,53.92917663866534
